1,56,16,92,109,112.6,239,24,118,112.6,905,56,108,90.9
1,56,2,92,109,109.3,250,24,105,109.3,792,56,108,91.2
1,56,17,92,109,111.8,246,25,125,111.8,346,56,108,91.1
1,56,3,92,109,110.8,249,24,117,110.8,936,56,108,91.1
1,56,18,92,109,109.8,261,24,119,109.8,829,56,108,91.1
1,56,4,92,109,111.6,59,24,111,111.6,893,56,108,91.1
1,56,19,92,109,110.9,256,24,115,110.9,471,56,108,89.2
1,56,5,92,109,111.6,237,25,101,111.6,1001,56,108,90.2
1,56,20,92,109,109.1,71,24,107,109.1,471,56,108,89.2
1,56,6,92,109,111.2,237,25,118,111.2,1322,56,109,90.2
1,56,21,92,109,111.9,225,24,125,111.9,1084,56,109,92.8
1,56,7,92,109,110.1,234,25,118,110.1,937,56,108,89.9
1,56,22,92,109,111.2,223,24,120,111.2,1169,56,109,92.8
1,56,8,92,109,106.9,246,25,138,106.9,1241,56,108,89.9
1,56,23,92,109,108.9,66,25,120,108.9,1995,56,109,91.1
1,56,9,92,109,110.9,251,24,104,110.9,1504,56,108,88.8
1,56,24,92,109,111.9,55,25,101,111.9,1019,56,108,91.1
1,56,25,92,109,111.7,238,24,104,111.7,1326,56,108,91.3
1,56,26,92,109,112.2,251,24,125,112.2,1080,56,108,91.3
1,56,27,92,109,113.2,244,24,114,113.2,651,56,108,88.9
1,56,28,92,109,109.7,244,25,118,109.7,656,56,108,88.9
1,56,29,92,109,109,244,24,130,109,1031,56,108,89
1,56,30,92,109,112.1,244,25,103,112.1,1157,56,109,89
1,56,31,92,109,111.1,233,25,106,111.1,1203,56,109,88.3
1,56,32,92,109,112.4,65,25,113,112.4,918,56,109,88.3
1,56,33,92,109,108.8,241,24,114,108.8,1500,56,108,0
1,56,34,92,109,108.8,229,24,107,108.8,737,56,108,0
1,56,35,92,109,106.5,235,24,116,106.5,805,56,107,0
1,56,1,92,109,106.5,225,24,107,106.5,1098,56,109,92.6
1,56,36,92,109,109.3,246,24,108,109.3,820,56,109,0
1,56,2,92,109,107.2,234,24,99,107.2,625,56,109,92.6
1,56,37,92,109,111.2,271,24,99,111.2,1004,56,108,0
1,56,3,92,109,111.5,37,24,102,111.5,572,56,108,92.2
1,56,38,92,109,109.3,254,26,103,109.3,1369,56,108,0
1,56,4,92,109,111.2,53,24,119,111.2,1154,56,108,92.2
1,56,39,92,109,110.1,239,24,122,110.1,795,56,109,0
1,56,5,92,109,107.9,240,24,122,107.9,754,56,108,91.3
1,56,40,92,109,107.8,50,24,119,107.8,1016,56,108,0
1,56,6,92,109,107.3,246,24,110,107.3,1036,56,108,91.3
1,56,41,92,109,106.6,227,24,110,106.6,759,56,108,0
1,56,7,92,109,106.7,234,26,135,106.7,844,56,109,90.9
1,56,42,92,109,107.5,63,25,117,107.5,548,56,109,0
1,56,8,92,109,110.6,249,24,110,110.6,689,56,108,90.9
1,56,43,92,109,111,241,27,123,111,883,56,109,0
1,56,9,92,109,110.4,231,24,114,110.4,1003,56,108,91.2
1,56,44,92,109,110.6,68,24,117,110.6,1131,56,109,0
1,56,10,92,109,111.5,230,24,114,111.5,967,56,108,91.2
1,56,45,92,109,111.2,60,24,110,111.2,1535,56,108,0
1,56,11,95,112,105.2,256,24,118,105.2,724,56,110,91.2
1,56,46,92,109,110,251,25,112,110,792,56,108,0
1,56,12,92,109,107.9,226,25,122,107.9,465,56,109,91.2
1,56,47,92,109,107.7,223,24,113,107.7,1745,56,109,0
1,56,13,92,109,109.6,238,24,128,109.6,1228,56,108,90.9
1,56,48,92,109,112.1,241,24,111,112.1,864,56,108,0
1,56,14,92,109,108.8,256,25,120,108.8,1121,56,109,90.9
1,56,15,92,109,111.4,239,25,114,111.4,1300,56,109,91
1,56,49,92,109,109,242,24,112,109,808,56,108,0
1,56,16,92,109,110.2,218,24,107,110.2,873,56,108,91
1,56,50,92,109,108.9,234,25,106,108.9,828,56,109,0
1,56,17,92,109,110.7,63,24,125,110.7,719,56,109,90
1,56,51,92,109,113.3,238,26,126,113.3,750,56,109,0
1,56,18,92,109,108.6,220,25,97,108.6,189,56,109,90
1,56,10,108,132,103.9,267,24,88,103.9,600,56,130,88.8
1,56,52,92,109,111,265,24,116,111,937,56,108,0
1,56,19,92,109,111.3,249,25,108,111.3,1006,56,109,87.9
1,56,11,92,109,106.7,228,24,101,106.7,843,56,109,88.9
1,56,53,92,109,113,263,24,124,113,359,56,107,0
1,56,20,92,109,111.9,59,25,127,111.9,1158,56,109,87.9
1,56,12,92,109,109.8,257,26,125,109.8,873,56,110,88.9
1,56,54,92,109,112.1,249,24,129,112.1,1287,56,109,0
1,56,21,92,109,110.8,245,24,114,110.8,1036,56,108,89.5
1,56,13,92,109,111.6,228,25,121,111.6,1032,56,108,89.4
1,56,55,92,109,111,69,24,116,111,1041,56,109,0
1,56,22,92,109,109.2,74,24,123,109.2,1021,56,108,89.5
1,56,14,92,109,110.7,223,25,115,110.7,948,56,108,89.4
1,56,56,92,109,108.5,60,24,98,108.5,958,56,109,0
1,56,23,92,109,110.4,242,25,114,110.4,399,56,108,90.7
1,56,15,92,109,110.3,241,24,120,110.3,838,56,108,89.7
1,56,24,92,109,111.6,237,25,114,111.6,614,56,108,90.7
1,56,16,92,109,109.1,241,24,113,109.1,419,56,107,89.7
1,56,25,92,109,112.4,234,25,121,112.4,1345,56,108,0
1,56,25,92,109,112.4,234,25,121,112.4,1345,56,108,91.2
1,56,17,92,109,112.2,236,25,96,112.2,522,56,109,88.4
1,56,26,92,109,111.4,229,25,118,111.4,948,56,108,0
1,56,26,92,109,111.4,229,25,118,111.4,948,56,108,91.2
1,56,18,92,109,113.2,241,24,121,113.2,985,56,108,88.4
1,56,27,92,109,111.3,216,24,122,111.3,1065,56,108,0
1,56,27,92,109,111.3,216,24,122,111.3,1065,56,108,91
1,56,19,92,109,109.3,64,24,101,109.3,982,56,108,89
1,56,28,92,109,109,213,24,117,109,970,56,109,0
1,56,28,92,109,109,213,24,117,109,970,56,109,91
1,56,20,92,109,110.2,247,24,113,110.2,935,56,108,89
1,56,29,92,109,109.5,236,24,136,109.5,1464,56,107,0
1,56,29,92,109,109.5,236,24,136,109.5,1464,56,107,92.1
1,56,21,92,109,111.4,59,24,109,111.4,959,56,108,90.4
1,56,30,92,109,110.6,244,25,115,110.6,656,56,108,0
1,56,30,92,109,110.6,244,25,115,110.6,656,56,108,92.1
1,56,22,92,109,108.8,253,24,123,108.8,1045,56,108,90.4
1,56,31,92,109,112.8,217,24,105,112.8,1417,56,108,91.9
1,56,23,92,109,108.6,63,25,119,108.6,1460,56,109,90.2
1,56,32,92,109,110.7,236,24,104,110.7,725,56,109,91.9
1,56,24,92,109,109.3,238,24,145,109.3,708,56,109,90.2
1,56,33,92,109,111.5,234,25,114,111.5,1538,56,109,90.8
1,56,25,92,109,109.1,219,24,121,109.1,826,56,108,88.4
1,56,34,92,109,109.2,236,24,126,109.2,907,56,108,90.8
1,56,26,92,109,107.4,237,25,118,107.4,805,56,109,88.4
1,56,35,92,109,109.2,236,24,122,109.2,1013,56,108,91.7
1,56,27,92,109,112.3,249,24,122,112.3,1045,56,109,90.8
1,56,36,92,109,110.6,236,25,124,110.6,783,56,109,91.7
1,56,28,92,109,112.5,237,25,118,112.5,1355,56,109,90.8
1,56,37,92,109,112.3,241,24,118,112.3,1667,56,108,91.7
1,56,29,92,109,109.9,231,24,111,109.9,1403,56,108,90.6
1,56,38,92,109,111.3,252,25,114,111.3,693,56,108,91.7
1,56,30,92,109,113.3,235,24,145,113.3,703,56,108,90.6
1,56,39,92,109,108.1,242,25,117,108.1,828,56,109,91.5
1,56,31,92,109,113.5,241,24,120,113.5,451,56,109,93
1,56,40,92,109,108.5,233,24,97,108.5,1155,56,107,91.5
1,56,32,92,109,109.8,241,25,115,109.8,1132,56,108,93
1,56,41,92,109,105.1,240,24,113,105.1,1255,56,108,93
1,56,33,92,109,111.6,250,25,119,111.6,1189,56,109,90.7
1,56,42,92,109,107.4,244,24,121,107.4,876,56,108,93
1,56,34,92,109,110.3,246,24,109,110.3,882,56,109,90.7
1,56,43,92,109,106.1,229,24,104,106.1,866,56,108,90.3
1,56,35,92,109,111.8,231,24,116,111.8,475,56,109,90.6
1,56,44,92,109,107,237,26,111,107,872,56,109,90.3
1,56,36,92,109,113.4,53,25,125,113.4,1686,56,109,90.6
1,56,45,92,109,109,242,24,118,109,605,56,108,90.2
1,56,37,92,109,108.5,235,24,120,108.5,879,56,108,90.1
1,56,46,92,109,110.8,222,24,110,110.8,354,56,108,90.2
1,56,38,92,109,111,240,24,116,111,990,56,108,90.1
1,56,47,92,109,109.4,243,26,121,109.4,1354,56,109,90.1
1,56,39,92,109,108.9,248,24,120,108.9,1665,56,109,92.6
1,56,48,92,109,110.3,230,26,124,110.3,1032,56,109,90.1
1,56,40,92,109,108.2,230,25,120,108.2,756,56,109,92.6
1,56,49,92,109,110.8,231,24,104,110.8,484,56,108,91.7
1,56,41,92,109,109.7,250,24,114,109.7,1054,56,108,92.6
1,56,50,92,109,110.2,250,24,118,110.2,926,56,109,91.7
1,56,42,92,109,106.4,233,25,117,106.4,1227,56,109,92.6
1,56,51,92,109,112.5,243,24,114,112.5,692,56,108,90.7
1,56,43,92,109,105.9,243,25,123,105.9,941,56,108,90.3
1,56,52,92,109,113.5,256,24,105,113.5,967,56,109,90.7
1,56,44,92,109,108.2,234,24,108,108.2,852,56,109,90.3
1,56,53,92,109,112.1,233,24,123,112.1,1189,56,109,89.3
1,56,45,92,109,110.4,245,25,109,110.4,488,56,108,89
1,56,54,92,109,111,226,24,112,111,615,56,109,89.3
1,56,46,92,109,109.2,242,24,123,109.2,713,56,109,89
1,56,55,92,109,109.1,255,24,107,109.1,1016,56,109,90.4
1,56,47,92,109,111,250,25,116,111,452,56,109,90.8
1,56,56,92,109,112.6,231,24,115,112.6,1672,56,108,90.4
1,56,48,92,109,110.2,239,25,101,110.2,205,56,110,90.8
1,56,49,92,109,107,221,24,113,107,356,56,108,89.8
1,56,50,92,109,112.1,230,24,115,112.1,1875,56,108,89.8
1,56,51,92,109,112.6,246,24,113,112.6,1341,56,109,91
1,56,52,92,109,114.1,254,24,105,114.1,1267,56,108,91
1,56,53,92,109,111.3,243,24,105,111.3,1375,56,109,89.7
1,56,54,92,109,112.2,243,26,104,112.2,909,56,110,89.7
3,46,1,92,109,106.2,241,24,103,106.2,916,46,108,87.8
3,46,2,92,109,110.7,237,24,118,110.7,678,46,109,87.8
3,46,3,92,109,109.7,236,24,103,109.7,1216,46,109,86.3
3,46,4,92,109,108,235,24,115,108,1093,46,108,86.3
3,46,5,92,109,106.1,249,25,138,106.1,875,46,110,93.8
3,46,6,92,109,108.6,75,24,125,108.6,458,46,109,93.8
3,46,7,92,109,109,237,24,124,109,724,46,108,88.7
3,46,8,92,109,112.7,234,24,122,112.7,1474,46,108,88.7
3,46,9,92,109,110.6,243,24,109,110.6,970,46,110,90
3,46,10,92,109,111.2,231,24,111,111.2,648,46,109,90
3,46,11,92,109,110.5,240,24,126,110.5,511,46,109,92.2
3,46,12,92,109,111.3,250,24,120,111.3,384,46,108,92.2
3,50,1,92,110,104.2,246,24,107,104.2,1148,50,109,91.7
3,46,13,92,109,110.9,249,25,132,110.9,434,46,109,93.5
3,50,2,92,109,108.9,260,25,117,108.9,1286,50,109,91.7
3,46,14,92,109,109.9,69,24,104,109.9,786,46,108,93.5
3,50,3,92,109,110,232,24,116,110,687,50,108,90.2
3,46,15,92,109,110,233,25,128,110,713,46,108,92.4
3,50,4,92,109,106.8,251,25,127,106.8,817,50,109,90.2
3,46,16,92,109,111.9,235,24,114,111.9,920,46,109,92.4
3,50,5,92,109,110.8,243,24,119,110.8,1068,50,109,93
3,46,17,92,109,113.2,236,24,116,113.2,1454,46,108,89.9
3,50,6,92,109,110.4,235,26,110,110.4,1459,50,109,93
3,46,18,92,109,111.6,232,24,125,111.6,1511,46,108,89.9
3,50,7,92,109,107.2,238,24,121,107.2,1073,50,108,93
3,46,19,92,109,112.1,56,24,125,112.1,1076,46,109,88.7
3,50,8,92,109,109.7,74,25,131,109.7,1196,50,109,93
3,46,20,92,109,112.1,251,24,111,112.1,1260,46,109,88.7
3,50,9,92,109,110.1,253,24,119,110.1,1345,50,109,89.9
3,46,21,92,109,110.7,230,24,108,110.7,480,46,108,90.1
3,50,10,92,109,109,241,24,125,109,700,50,108,89.9
3,46,22,92,109,111.3,249,25,121,111.3,1079,46,109,90.1
3,50,11,92,109,112.4,238,24,122,112.4,866,50,108,91
3,46,23,92,109,112.8,239,24,132,112.8,1152,46,109,94.2
3,50,12,92,109,110.9,242,24,114,110.9,1575,50,107,91
3,46,24,92,109,111.8,242,24,118,111.8,859,46,108,94.2
3,50,13,92,109,105.4,240,24,129,105.4,1315,50,109,91.9
3,46,25,92,110,107.2,232,24,130,107.2,944,46,109,92.1
3,50,14,92,109,112.7,244,24,103,112.7,1413,50,108,91.9
3,46,26,92,109,110.8,232,25,118,110.8,656,46,108,92.1
3,50,15,92,109,114,236,24,118,114,883,50,108,90.9
3,46,27,92,109,111.4,232,25,111,111.4,831,46,109,92
3,50,16,92,109,111.9,234,25,101,111.9,653,50,108,90.9
3,46,28,92,109,109.5,47,24,106,109.5,1070,46,108,92
3,50,17,92,109,109.7,259,25,125,109.7,633,50,109,92.3
3,46,29,92,109,110.4,252,26,120,110.4,1054,46,109,94.7
3,50,18,92,109,112.3,233,24,114,112.3,720,50,108,92.3
3,46,30,92,109,106.9,250,24,129,106.9,452,46,108,94.7
3,50,19,92,109,112.8,248,25,90,112.8,966,50,109,92.8
3,46,31,92,109,105.5,242,25,114,105.5,450,46,108,95.1
3,50,20,92,109,113.1,232,24,117,113.1,1330,50,108,92.8
3,46,32,92,109,108.7,51,24,111,108.7,1627,46,108,95.1
3,50,21,92,109,114,60,24,133,114,932,50,108,94.2
3,50,22,92,109,111.9,231,25,105,111.9,805,50,109,94.2
3,50,23,92,109,110.2,230,24,128,110.2,1826,50,108,92.9
3,46,33,92,109,107.8,240,24,121,107.8,1330,46,109,94.6
3,50,24,92,109,114,60,25,117,114,1248,50,108,92.9
3,46,34,92,109,108.4,259,24,113,108.4,535,46,109,94.6
3,50,25,92,109,112.5,73,24,114,112.5,922,50,108,88.9
3,46,35,92,109,111.3,236,25,118,111.3,1068,46,108,96.1
3,50,26,92,109,110.6,249,24,116,110.6,652,50,107,88.9
3,46,36,92,109,111.8,228,24,115,111.8,1068,46,109,96.1
3,50,27,92,109,111.1,237,24,125,111.1,902,50,108,88.5
3,46,37,92,109,112.7,231,26,121,112.7,740,46,109,94.7
3,50,28,92,109,113.2,245,24,110,113.2,1126,50,108,88.5
3,46,38,92,109,110.4,235,24,111,110.4,1263,46,108,94.7
3,50,29,92,109,111.6,238,24,114,111.6,829,50,109,92.9
3,46,39,92,109,111.3,229,24,106,111.3,792,46,108,91.5
3,50,30,92,109,112.4,235,24,120,112.4,1439,50,109,92.9
3,46,40,92,109,112,224,24,117,112,1124,46,108,91.5
3,50,31,92,109,112.1,229,24,118,112.1,1159,50,109,90.5
3,46,41,103,120,105.9,271,24,122,105.9,1350,46,119,93.5
3,50,32,92,109,112.4,228,24,119,112.4,361,50,108,90.5
3,46,42,92,109,112.5,261,24,120,112.5,821,46,109,93.5
3,50,33,92,109,113.2,240,24,128,113.2,1226,50,109,94.9
3,46,43,92,109,111.5,240,24,111,111.5,913,46,109,92.2
3,50,34,92,109,108.9,47,24,123,108.9,1049,50,108,94.9
3,50,35,92,109,112,238,24,109,112,1507,50,108,92
3,46,44,92,109,108.1,237,24,110,108.1,1611,46,108,92.2
3,50,36,92,109,110.6,240,24,107,110.6,978,50,108,92
3,46,45,92,109,108.3,237,24,102,108.3,1477,46,108,92.6
3,50,37,92,109,111.7,243,25,104,111.7,834,50,109,90.7
3,46,46,92,109,111.8,239,24,119,111.8,1297,46,109,92.6
3,50,38,92,109,111.8,239,24,109,111.8,766,50,108,90.7
3,50,39,92,109,112.5,226,24,107,112.5,620,50,108,93.1
3,50,40,92,109,111.7,229,26,124,111.7,427,50,109,93.1
3,50,41,92,109,111.5,235,24,126,111.5,603,50,108,89.2
3,50,42,92,109,110.5,239,24,100,110.5,1126,50,108,89.2
3,50,43,92,109,109.9,218,25,110,109.9,1282,50,109,94.1
3,50,44,92,109,110.9,58,24,109,110.9,673,50,108,94.1
3,50,45,92,109,111.8,225,24,137,111.8,383,50,108,95.9
3,50,46,92,109,111.6,243,24,135,111.6,1127,50,109,95.9
3,50,47,91,109,107.9,230,24,128,107.9,734,50,108,94.1
3,50,48,92,109,112.2,41,25,123,112.2,1012,50,109,94.1
3,50,49,92,109,111.8,233,24,108,111.8,995,50,108,93.9
3,50,50,92,109,111.7,240,24,123,111.7,1345,50,109,93.9
3,12,6,96,114,117.6,15,26,107,117.6,66,12,113,89
3,12,7,96,114,115,13,32,108,115,60,12,113,92.7
3,12,8,96,114,116.8,14,26,108,116.8,62,12,113,92.7
3,12,9,96,115,112.1,11,32,109,112.1,46,12,115,90.8
3,12,10,96,114,112.2,11,32,106,112.2,56,12,114,90.8
3,12,11,96,115,110.2,10,32,105,110.2,54,12,113,92
3,12,12,96,115,112.2,12,32,103,112.2,68,12,114,92
3,12,1,112,131,106.3,13,32,82,106.3,42,12,131,89.2
3,12,2,96,115,108.1,10,32,98,108.1,42,12,114,89.2
3,12,3,96,115,112.7,14,32,102,112.7,71,12,113,89
3,12,4,96,115,109.2,9,32,106,109.2,34,12,115,89
3,12,5,96,115,114.7,15,32,103,114.7,64,12,114,89
3,14,1,86,103,93.7,228,23,72,93.7,1222,14,103,58.1
3,14,2,82,99,95.3,59,23,72,95.3,1166,14,98,58.1
3,14,3,82,99,95.2,39,23,74,95.2,896,14,99,57.1
3,14,4,82,99,94.4,36,23,66,94.4,1409,14,99,57.1
3,14,5,82,99,95,256,23,73,95,1009,14,99,59.2
3,14,6,82,99,93.5,41,23,77,93.5,734,14,99,59.2
3,14,7,82,99,93.7,27,23,74,93.7,230,14,99,55.7
3,14,8,84,101,93.5,218,23,76,93.5,608,14,101,55.7
3,14,9,92,109,93.5,247,23,63,93.5,849,14,109,55.3
3,14,10,92,109,93.2,236,23,62,93.2,746,14,108,55.3
3,14,11,86,103,93.4,234,23,71,93.4,1137,14,103,57.2
3,14,12,82,99,95.7,212,23,71,95.7,519,14,99,57.2
3,14,13,82,99,96.1,225,23,69,96.1,811,14,99,56.7
3,14,14,82,99,94.1,231,23,69,94.1,1452,14,98,56.7
1,14,1,97,114,93.3,260,23,59,93.3,1383,14,113,54.3
1,14,2,93,110,93.2,234,23,73,93.2,863,14,110,54.3
1,14,3,89,106,92.9,45,23,71,92.9,749,14,105,53.1
1,14,4,93,110,94.2,241,23,76,94.2,338,14,109,53.1
1,14,5,91,108,93.2,229,23,68,93.2,333,14,107,51.9
1,14,6,90,107,93.5,30,23,73,93.5,892,14,106,51.9
1,14,7,89,106,93.5,211,23,78,93.5,498,14,107,52.9
1,14,8,91,108,93.3,230,23,66,93.3,1099,14,108,52.9
1,14,9,88,105,93.5,227,23,65,93.5,1710,14,104,54.2
1,14,10,92,109,93.4,234,23,66,93.4,1457,14,109,54.2
1,14,11,95,112,92.9,255,23,73,92.9,1235,14,111,54.7
1,14,12,95,113,93.6,257,23,74,93.6,430,14,112,54.7
1,14,13,88,106,92.9,223,23,73,92.9,1626,14,105,55.3
1,14,14,95,112,94.1,245,23,69,94.1,480,14,112,55.3
3,20,1,103,126,105.2,259,20,69,105.2,1063,20,126,75.4
3,20,2,89,105,106.4,37,20,78,106.4,700,20,103,75.4
3,20,3,80,95,107.6,192,20,90,107.6,669,20,94,75.7
3,20,4,80,95,108.2,204,21,83,108.2,430,20,95,75.7
3,20,5,80,95,106.5,221,20,87,106.5,1625,20,94,69.2
3,20,6,80,95,107.6,194,20,84,107.6,1145,20,95,69.2
3,20,7,83,99,106.8,198,21,82,106.8,327,20,98,71.9
3,22,1,98,113,106.3,255,20,71,106.3,645,22,113,70.5
3,20,8,80,95,108,202,20,83,108,777,20,94,71.9
3,22,2,86,101,106.1,217,20,84,106.1,509,22,101,70.5
3,20,9,80,95,106.6,207,20,83,106.6,489,20,94,70.3
3,22,3,82,98,105.9,211,20,87,105.9,504,22,97,71.9
3,20,10,80,95,107.2,210,20,84,107.2,666,20,94,70.3
3,22,4,84,99,105.8,22,20,87,105.8,969,22,98,71.9
3,20,11,80,95,106.8,191,20,83,106.8,584,20,94,69
3,20,12,80,95,107.1,191,20,84,107.1,427,20,95,69
3,22,5,92,107,105.7,248,21,84,105.7,1600,22,106,70.3
3,20,13,82,97,106.5,218,20,86,106.5,682,20,97,71.9
3,22,6,85,101,105.7,215,21,79,105.7,804,22,100,70.3
3,20,14,87,102,106,46,20,87,106,586,20,102,71.9
3,22,7,80,95,105.3,196,21,86,105.3,752,22,95,69.3
3,20,15,81,97,106.2,220,20,86,106.2,663,20,95,70.7
3,22,8,80,95,107.6,230,20,82,107.6,1399,22,95,69.3
3,20,16,80,95,107.2,200,20,91,107.2,673,20,94,70.7
3,22,9,80,95,107.6,203,22,86,107.6,948,22,95,67.6
3,20,17,82,97,106.2,219,20,85,106.2,941,20,97,69.3
3,22,10,80,95,106.2,219,21,86,106.2,610,22,95,67.6
3,20,18,80,96,106.9,201,20,88,106.9,886,20,95,69.3
3,22,11,80,95,107.7,10,20,87,107.7,1414,22,95,67.8
3,20,19,80,95,107,205,21,85,107,903,20,95,69.4
3,22,12,80,95,106.4,212,20,83,106.4,872,22,94,67.8
3,20,20,85,100,105.8,219,20,88,105.8,1399,20,100,69.4
3,22,13,80,95,107.2,213,21,80,107.2,741,22,95,68.4
3,22,14,80,95,108.7,13,20,80,108.7,467,22,95,68.4
3,22,15,80,95,106.2,216,20,88,106.2,867,22,94,67.8
3,22,16,80,95,106.1,39,20,90,106.1,1263,22,94,67.8
3,22,17,79,95,109.5,210,20,83,109.5,744,22,94,65.5
3,22,18,80,95,108.3,203,21,89,108.3,714,22,95,65.5
3,22,19,89,104,105.6,237,20,94,105.6,1013,22,104,66.3
3,22,20,80,95,108,24,20,83,108,1507,22,94,66.3
3,22,21,80,95,106.2,191,21,84,106.2,654,22,94,64.9
3,22,22,88,104,106.5,230,20,90,106.5,667,22,103,64.9
3,14,1,102,117,107,105,20,80,107,1028,14,117,69.5
3,14,2,85,100,105.7,230,20,85,105.7,834,14,100,69.5
3,14,3,86,102,105,255,20,81,105,1106,14,101,74.2
3,14,4,88,104,104.9,219,21,86,104.9,693,14,103,74.2
3,14,5,89,104,106.1,51,20,100,106.1,1327,14,104,74.1
3,14,6,80,95,105.8,203,20,86,105.8,1199,14,95,74.1
3,14,7,80,95,106.6,206,20,92,106.6,568,14,94,74.5
3,14,8,80,95,107,22,21,92,107,715,14,95,74.5
3,14,9,80,95,106.4,205,20,86,106.4,367,14,95,73.7
3,14,10,85,100,105.5,219,20,86,105.5,517,14,99,73.7
3,14,11,84,99,105.8,220,21,90,105.8,1351,14,99,72.6
3,14,12,86,101,106.8,245,20,84,106.8,705,14,99,72.6
3,14,13,87,103,106.2,247,20,87,106.2,1046,14,101,73.5
3,14,14,80,95,106,226,20,84,106,1031,14,93,73.5
3,42,1,68,85,92.7,4,21,90,92.7,13,42,84,60.2
3,42,2,73,90,92.9,4,21,84,92.9,12,42,88,60.2
3,42,3,75,91,93,4,21,86,93,10,42,91,61
3,42,4,71,87,93.1,4,21,86,93.1,11,42,86,61
3,42,5,72,89,92.8,4,21,86,92.8,11,42,88,61.5
3,42,6,73,90,93.1,4,21,86,93.1,10,42,89,61.5
3,42,7,73,90,93,4,21,86,93,10,42,89,63.2
3,42,8,73,90,92.8,3,21,86,92.8,9,42,89,63.2
3,42,9,75,92,92.8,4,22,86,92.8,10,42,92,62.9
3,42,10,76,93,93.3,4,21,85,93.3,9,42,93,62.9
3,42,11,79,96,93.1,4,21,80,93.1,10,42,95,63.3
3,42,12,76,93,92.8,4,21,82,92.8,13,42,92,63.3
3,42,13,75,92,92.9,4,22,84,92.9,10,42,91,60.6
3,42,14,72,89,92.9,5,21,85,92.9,13,42,88,60.6
3,42,15,75,91,92.5,5,21,85,92.5,12,42,90,61.2
3,42,16,73,89,92.8,4,22,85,92.8,14,42,90,61.2
3,42,17,77,94,92.8,5,21,85,92.8,12,42,94,61.8
3,42,18,75,92,92.9,5,21,85,92.9,10,42,92,61.8
3,42,19,76,93,92.8,5,22,85,92.8,12,42,92,61.6
3,42,20,81,98,92.9,4,21,84,92.9,11,42,99,61.6
3,42,21,78,95,92.8,4,22,84,92.8,9,42,95,62.6
3,42,22,75,92,93,3,21,85,93,10,42,91,62.6
3,42,23,75,92,92.8,3,21,84,92.8,9,42,91,60.8
3,42,24,76,93,92.9,3,21,84,92.9,9,42,92,60.8
3,42,25,80,96,92.7,4,22,84,92.7,12,42,95,59.3
3,42,26,79,95,92.6,3,21,84,92.6,8,42,94,59.3
3,42,27,78,95,92.6,6,21,85,92.6,18,42,94,59.5
3,42,28,81,98,93.1,6,22,84,93.1,11,42,98,59.5
3,42,29,81,98,92.7,5,21,85,92.7,14,42,97,59.4
3,42,30,78,95,92.5,6,21,85,92.5,15,42,95,59.4
3,42,31,75,91,92.3,6,21,84,92.3,18,42,91,59.5
3,42,32,76,93,92.4,6,21,84,92.4,16,42,93,59.5
3,42,33,75,92,92.5,5,21,84,92.5,12,42,92,62
3,42,34,75,92,93,6,21,85,93,16,42,92,62
3,42,35,73,90,92.5,6,21,85,92.5,12,42,89,60.8
3,42,36,77,94,92.8,7,21,84,92.8,15,42,93,60.8
3,42,37,78,95,92.8,6,21,85,92.8,18,42,95,61.6
3,42,38,76,93,92.6,6,21,85,92.6,20,42,92,61.6
3,42,39,80,96,92.6,7,21,83,92.6,20,42,96,62.4
3,42,40,76,92,92.6,6,21,84,92.6,15,42,92,62.4
3,42,41,74,91,92.7,7,22,84,92.7,20,42,91,58.5
3,42,42,72,89,92.7,6,21,85,92.7,15,42,88,58.5
1,56,1,89,102,107.2,38,31,95,107.2,128,56,103,53.5
1,56,2,89,102,110.2,39,30,102,110.2,122,56,102,53.5
1,56,3,89,102,110.3,40,30,105,110.3,127,56,101,48.4
1,56,4,89,102,110,38,31,105,110,116,56,102,48.4
1,56,5,89,102,111.5,40,31,102,111.5,113,56,102,51.1
1,56,6,89,102,111.5,39,32,104,111.5,122,56,103,51.1
1,56,7,89,102,110.3,40,32,105,110.3,123,56,102,59
1,56,8,89,102,109.1,38,32,104,109.1,135,56,101,59
1,56,9,89,102,112.4,40,28,106,112.4,126,56,101,59.2
1,56,10,89,102,112.1,40,31,106,112.1,131,56,101,59.2
1,56,11,89,102,112.2,40,28,107,112.2,130,56,101,58.2
1,56,12,89,102,111.8,38,30,104,111.8,128,56,102,58.2
1,56,13,89,102,113,39,32,106,113,125,56,102,57.7
1,56,14,89,102,111.9,39,31,108,111.9,133,56,101,57.7
1,56,15,89,102,110.8,38,32,107,110.8,131,56,102,58.9
1,56,16,89,102,110.5,36,31,106,110.5,136,56,102,58.9
1,56,17,89,102,111.3,39,31,106,111.3,136,56,101,58.8
1,56,18,89,102,111.9,39,32,107,111.9,128,56,102,58.8
1,56,19,89,102,113.2,39,31,108,113.2,126,56,102,59.3
1,56,20,89,102,112.2,40,32,107,112.2,134,56,103,59.3
1,56,21,89,102,111.9,39,31,106,111.9,134,56,102,59.1
1,56,22,89,102,113.2,40,31,108,113.2,131,56,103,59.1
1,56,23,89,102,112.8,39,32,106,112.8,132,56,102,59.9
1,56,24,89,102,111.9,39,31,108,111.9,134,56,102,59.9
1,56,25,89,102,112.9,40,32,105,112.9,128,56,102,59.2
1,56,26,89,102,110.6,38,30,106,110.6,135,56,102,59.2
1,56,27,89,102,112.5,40,28,107,112.5,135,56,116,59.9
1,56,28,89,102,108.2,38,31,107,108.2,140,56,101,59.9
1,56,29,89,102,111.3,39,32,106,111.3,136,56,102,59.8
1,56,30,89,102,113.5,39,31,106,113.5,132,56,102,59.8
1,56,31,89,102,112.4,38,31,107,112.4,134,56,102,59.6
1,56,32,89,102,113.6,39,31,106,113.6,131,56,101,59.6
1,56,33,89,102,112.3,39,32,108,112.3,134,56,102,59.5
1,56,34,89,102,112.4,39,31,107,112.4,130,56,101,59.5
1,56,35,89,102,111.5,38,28,107,111.5,137,56,118,62
1,56,36,89,102,111.2,39,31,105,111.2,137,56,101,62
1,56,37,89,102,111.6,39,32,104,111.6,139,56,103,59.6
1,56,38,89,102,110.5,40,32,106,110.5,137,56,102,59.6
1,56,39,89,102,109.9,38,30,107,109.9,140,56,101,59.4
1,56,40,89,102,111.7,39,30,104,111.7,146,56,102,59.4
1,56,41,89,102,111.3,40,31,108,111.3,136,56,101,60.5
1,56,42,89,102,112.5,40,32,105,112.5,136,56,102,60.5
1,56,43,89,102,112.5,40,31,108,112.5,139,56,102,62.8
1,56,44,89,102,110.5,39,31,106,110.5,140,56,102,62.8
1,56,45,89,102,109.6,38,28,107,109.6,143,56,102,60.1
1,32,1,94,109,109.8,20,30,73,109.8,74,32,109,58.8
1,32,2,94,109,114.6,21,30,92,114.6,66,32,108,58.8
1,32,3,94,114,114.6,21,30,105,114.6,66,32,114,58.2
1,32,4,94,112,117.6,21,31,106,117.6,66,32,112,58.2
1,32,5,94,112,118,21,30,107,118,66,32,111,63.9
1,32,6,94,113,118,21,30,105,118,66,32,113,63.9
1,32,7,94,108,118,21,30,107,118,66,32,107,61.8
1,32,8,94,114,115.8,20,30,109,115.8,67,32,115,61.8
1,32,9,94,112,117.6,21,30,103,117.6,60,32,111,59.7
1,32,10,94,109,114.5,18,31,106,114.5,64,32,108,59.7
1,32,11,94,112,118,20,30,107,118,73,32,112,59.1
1,32,12,94,109,115.2,19,30,107,115.2,66,32,107,59.1
1,32,13,94,109,115.6,19,30,107,115.6,72,32,108,59.7
1,32,14,94,109,113.1,21,30,109,113.1,66,32,108,59.7
1,32,14,94,109,113.1,21,30,109,113.1,66,32,108,64.3
1,32,15,94,112,117,20,31,112,117,74,32,112,58.8
1,32,15,94,112,117,20,31,112,117,74,32,112,62.4
1,32,16,94,109,112.8,19,30,108,112.8,74,32,108,58.8
1,32,16,94,109,112.8,19,30,108,112.8,74,32,108,62.4
1,32,17,94,109,115.5,20,30,104,115.5,72,32,108,60.4
1,32,17,94,109,115.5,20,30,104,115.5,72,32,108,63.7
1,32,18,94,109,115.2,18,30,110,115.2,78,32,108,60.4
1,32,18,94,109,115.2,18,30,110,115.2,78,32,108,63.7
1,32,19,94,109,114.9,18,30,107,114.9,62,32,109,62.8
1,32,19,94,109,114.9,18,30,107,114.9,62,32,109,60.5
1,32,20,94,109,114,17,30,107,114,70,32,109,62.8
1,32,20,94,109,114,17,30,107,114,70,32,109,60.5
1,32,21,94,109,115.6,18,30,103,115.6,73,32,108,66
1,32,21,94,109,115.6,18,30,103,115.6,73,32,108,60.7
1,32,22,94,112,117.5,19,30,109,117.5,61,32,111,66
1,32,22,94,112,117.5,19,30,109,117.5,61,32,111,60.7
1,32,23,94,109,115.2,17,30,109,115.2,79,32,109,65.8
1,32,23,94,109,115.2,17,30,109,115.2,79,32,109,61.8
1,32,24,94,109,115.1,18,30,109,115.1,65,32,108,65.8
1,32,24,94,109,115.1,18,30,109,115.1,65,32,108,61.8
1,32,25,94,109,116.3,18,30,108,116.3,75,32,109,59.8
1,32,25,94,109,116.3,18,30,108,116.3,75,32,109,66
1,32,26,94,112,118.1,20,30,110,118.1,60,32,111,59.8
1,32,26,94,112,118.1,20,30,110,118.1,60,32,111,66
1,32,27,94,109,113.2,18,32,108,113.2,66,32,108,63.1
1,32,27,94,109,113.2,18,32,108,113.2,66,32,108,65.8
1,32,28,94,109,114.8,18,30,106,114.8,72,32,109,63.1
1,32,28,94,109,114.8,18,30,106,114.8,72,32,109,65.8
1,32,29,94,109,115,17,30,107,115,68,32,108,63.1
1,32,29,94,109,115,17,30,107,115,68,32,108,65.6
3,42,1,94,109,113.1,19,30,84,113.1,74,42,107,58.8
3,42,1,94,109,113.1,19,30,84,113.1,74,42,107,63.1
3,42,2,94,109,114,18,30,103,114,76,42,108,58.8
3,42,2,94,109,114,18,30,103,114,76,42,108,63.1
3,42,3,94,109,115.3,19,31,102,115.3,74,42,108,58.2
3,42,3,94,109,115.3,19,31,102,115.3,74,42,108,63.6
3,42,4,94,114,115.3,19,30,106,115.3,74,42,114,58.2
3,42,4,94,114,115.3,19,30,106,115.3,74,42,114,63.6
3,42,5,94,112,116.7,20,31,104,116.7,67,42,111,63.9
3,42,5,94,112,116.7,20,31,104,116.7,67,42,111,64.3
3,42,6,94,112,118,21,30,106,118,74,42,111,63.9
3,42,6,94,112,118,21,30,106,118,74,42,111,64.3
3,42,7,94,109,115.2,19,30,109,115.2,67,42,108,61.8
3,42,7,94,109,115.2,19,30,109,115.2,67,42,108,62.3
3,42,8,94,112,117,20,30,110,117,71,42,111,61.8
3,42,8,94,112,117,20,30,110,117,71,42,111,62.3
3,42,9,94,109,116.3,18,30,108,116.3,68,42,109,59.7
3,42,9,94,109,116.3,18,30,108,116.3,68,42,109,62.7
3,42,10,94,109,113.8,17,30,109,113.8,63,42,107,59.7
3,42,10,94,109,113.8,17,30,109,113.8,63,42,107,62.7
3,42,11,94,109,115.6,18,30,107,115.6,71,42,109,59.1
3,42,11,94,109,115.6,18,30,107,115.6,71,42,109,61.9
3,42,12,94,109,115.8,19,30,108,115.8,69,42,108,59.1
3,42,12,94,109,115.8,19,30,108,115.8,69,42,108,61.9
3,42,13,94,113,116.3,18,30,108,116.3,69,42,112,59.7
3,42,13,94,113,116.3,18,30,108,116.3,69,42,112,64.3
3,42,14,94,109,114.7,18,30,108,114.7,79,42,108,59.7
3,42,14,94,109,114.7,18,30,108,114.7,79,42,108,64.3
3,42,15,94,113,116.2,19,32,112,116.2,69,42,113,58.8
3,42,15,94,113,116.2,19,32,112,116.2,69,42,113,62.4
3,42,16,94,109,115.8,20,30,109,115.8,55,42,108,58.8
3,42,16,94,109,115.8,20,30,109,115.8,55,42,108,62.4
3,42,17,94,112,115.8,20,30,110,115.8,55,42,112,60.4
3,42,17,94,112,115.8,20,30,110,115.8,55,42,112,63.7
3,42,18,94,109,114,18,30,107,114,69,42,109,60.4
3,42,18,94,109,114,18,30,107,114,69,42,109,63.7
3,42,19,94,114,116.2,19,30,106,116.2,74,42,113,62.8
3,42,19,94,114,116.2,19,30,106,116.2,74,42,113,60.5
3,42,20,94,112,116.8,19,30,108,116.8,62,42,111,62.8
3,42,20,94,112,116.8,19,30,108,116.8,62,42,111,60.5
3,42,21,94,109,115.2,19,30,107,115.2,57,42,108,66
3,42,21,94,109,115.2,19,30,107,115.2,57,42,108,60.7
3,42,22,94,112,117.5,20,30,109,117.5,57,42,112,66
3,42,22,94,112,117.5,20,30,109,117.5,57,42,112,60.7
3,42,23,94,112,117.2,19,30,109,117.2,71,42,111,65.8
3,42,23,94,112,117.2,19,30,109,117.2,71,42,111,61.8
3,42,24,94,109,114,16,30,107,114,77,42,108,65.8
3,42,24,94,109,114,16,30,107,114,77,42,108,61.8
3,42,25,94,112,117.2,19,30,107,117.2,57,42,111,59.8
3,42,25,94,112,117.2,19,30,107,117.2,57,42,111,66
3,42,26,94,113,116.3,20,30,106,116.3,61,42,112,59.8
3,42,26,94,113,116.3,20,30,106,116.3,61,42,112,66
3,42,27,94,109,115.6,19,31,107,115.6,55,42,108,63.1
3,42,27,94,109,115.6,19,31,107,115.6,55,42,108,65.8
3,42,28,94,112,117.6,19,30,110,117.6,68,42,111,63.1
3,42,28,94,112,117.6,19,30,110,117.6,68,42,111,65.8
3,42,29,94,112,117.3,17,32,109,117.3,65,42,112,63.1
3,42,29,94,112,117.3,17,32,109,117.3,65,42,112,65.6
3,42,30,94,114,116.2,18,30,108,116.2,74,42,114,65.6
3,42,31,94,112,116.6,19,30,108,116.6,72,42,112,63.7
3,42,32,94,113,116.3,18,30,106,116.3,77,42,112,63.7
3,42,33,94,109,115.6,18,30,107,115.6,69,42,108,62.2
3,42,34,94,109,116.2,19,30,108,116.2,75,42,108,62.2
3,42,35,94,112,116.4,19,30,110,116.4,81,42,111,61.6
3,42,36,94,109,114.8,18,30,107,114.8,80,42,109,61.6
3,42,37,94,109,114,18,30,108,114,64,42,107,62.7
3,42,38,94,112,117,17,30,107,117,79,42,110,62.7
3,42,39,94,109,111.9,17,30,75,111.9,72,42,108,62.8
3,42,40,94,109,115.5,19,30,103,115.5,74,42,108,62.8
3,44,1,94,109,112.3,16,30,85,112.3,53,44,108,62.9
3,44,2,94,109,111.9,14,30,106,111.9,53,44,108,62.9
3,44,3,94,109,113.5,16,30,106,113.5,47,44,108,65.3
3,44,4,94,109,115,17,31,106,115,61,44,108,65.3
3,44,5,94,109,115.5,16,30,108,115.5,50,44,109,62.1
3,44,6,94,112,117.5,17,30,107,117.5,56,44,110,62.1
3,44,7,94,109,114.4,15,30,109,114.4,61,44,108,61.9
3,44,8,94,114,116.1,16,30,109,116.1,58,44,113,61.9
3,44,9,94,109,115.5,16,31,105,115.5,61,44,109,60
3,44,10,94,109,115.8,16,30,109,115.8,59,44,107,60
3,44,11,94,114,116.2,17,30,104,116.2,55,44,113,59.7
3,44,12,94,109,115,15,31,106,115,63,44,109,59.7
3,44,13,94,112,116.4,16,30,110,116.4,58,44,112,58.4
3,44,14,94,109,115.7,16,29,109,115.7,63,44,107,58.4
3,44,15,94,112,115.7,16,30,108,115.7,63,44,111,60.5
3,44,16,94,109,115.6,17,29,109,115.6,64,44,108,60.5
3,44,17,94,109,113,15,30,111,113,65,44,108,63.8
3,44,18,94,101,113,15,30,110,113,65,44,100,63.8
3,44,19,94,107,113,15,29,109,113,65,44,106,59.7
3,44,20,94,112,116.6,15,29,111,116.6,52,44,111,59.7
3,44,21,94,109,116.6,15,29,109,116.6,52,44,108,63.8
3,44,22,94,106,116.6,15,29,111,116.6,52,44,105,63.8
3,44,23,94,108,116.6,15,29,111,116.6,52,44,109,59.7
3,44,24,94,109,115.9,14,30,109,115.9,61,44,109,59.7
3,44,25,94,103,115.9,14,30,111,115.9,61,44,102,59.4
3,44,26,94,109,115.3,14,31,109,115.3,63,44,109,59.4
3,44,27,94,109,115.8,14,29,111,115.8,57,44,108,61.5
3,44,28,94,113,115.8,14,30,110,115.8,57,44,112,61.5
3,44,29,94,109,115.8,14,31,109,115.8,57,44,108,62
3,44,30,94,112,116.6,15,29,112,116.6,47,44,111,62
3,44,31,94,112,116.5,15,29,110,116.5,42,44,111,60.6
3,44,32,94,112,116.5,15,30,107,116.5,42,44,112,60.6
3,44,33,94,109,114.2,14,29,111,114.2,45,44,108,61.7
3,44,34,94,109,115.8,15,30,109,115.8,58,44,109,61.7
3,44,35,94,109,115.3,15,30,111,115.3,62,44,108,60.4
3,44,36,94,109,115.2,15,29,111,115.2,59,44,108,60.4
3,44,37,94,109,115.1,16,31,109,115.1,61,44,109,59.4
3,44,38,94,109,115,14,29,106,115,60,44,107,59.4
3,44,39,94,109,116.1,14,30,110,116.1,51,44,108,61.3
3,44,40,94,112,117.3,15,30,109,117.3,60,44,113,61.3
3,44,41,94,109,115.3,14,29,111,115.3,51,44,108,61.1
3,44,42,94,109,115,14,29,112,115,57,44,108,61.1
3,44,43,94,112,116.6,15,30,107,116.6,55,44,111,62.5
3,44,44,94,109,115.8,14,29,111,115.8,46,44,108,62.5
3,30,1,72,118,92.7,6,32,76,92.7,15,30,118,57.4
3,30,2,72,116,92.7,6,32,105,92.7,15,30,115,57.4
3,30,3,72,114,92.7,6,32,103,92.7,15,30,113,57.6
3,30,4,72,118,92.7,6,32,107,92.7,15,30,117,57.6
3,30,5,98,116,119.3,10,32,107,119.3,31,30,116,56.5
3,30,6,98,117,119.3,10,32,109,119.3,31,30,118,56.5
3,30,7,98,115,119.3,10,32,108,119.3,31,30,116,57.5
3,30,8,98,114,119.3,10,32,110,119.3,31,30,113,57.5
3,30,9,98,116,120,11,32,108,120,38,30,116,59.3
3,30,10,98,116,118.6,17,36,109,118.6,61,30,115,59.3
3,30,11,98,116,118.6,17,32,108,118.6,61,30,115,58
3,30,12,98,116,118.6,17,32,110,118.6,61,30,115,58
3,30,13,98,118,118.1,17,36,109,118.1,46,30,118,58.2
3,30,14,98,110,118.1,17,33,109,118.1,46,30,110,58.2
3,30,15,98,116,118.1,17,31,109,118.1,46,30,115,57.5
3,30,16,98,113,117.3,17,36,107,117.3,58,30,112,57.5
3,30,17,98,116,117.3,17,31,109,117.3,58,30,115,58.6
3,30,18,98,118,117.3,17,32,108,117.3,58,30,116,58.6
3,30,19,98,110,117.3,17,32,108,117.3,58,30,109,59.1
3,30,20,98,113,116.7,16,36,110,116.7,55,30,112,59.1
3,30,21,98,113,117.9,17,36,108,117.9,67,30,112,58.2
3,30,22,98,116,120.1,16,31,102,120.1,48,30,116,58.2
3,30,23,98,116,119.5,15,32,110,119.5,44,30,115,58.3
3,30,24,98,113,118.2,14,36,108,118.2,37,30,112,58.3
3,30,25,98,116,119.5,8,32,109,119.5,31,30,116,56.4
3,30,26,98,116,119.5,8,32,109,119.5,31,30,115,56.4
3,30,27,98,117,118.6,9,36,108,118.6,28,30,116,58.6
3,30,28,98,116,119.8,8,32,108,119.8,28,30,116,58.6
3,30,29,98,117,118.4,11,36,109,118.4,31,30,117,58.8
3,30,30,98,113,116.8,10,36,110,116.8,23,30,112,58.8
3,35,1,98,113,114.6,14,35,95,114.6,41,35,112,63.8
3,35,2,98,117,118.6,15,36,106,118.6,40,35,115,63.8
3,35,3,98,116,120,15,31,110,120,37,35,116,64
3,35,4,98,113,116.9,14,36,109,116.9,42,35,112,64
3,35,5,98,116,118.9,14,31,110,118.9,42,35,115,62.4
3,35,6,98,116,118.9,14,31,110,118.9,42,35,116,62.4
3,35,7,98,116,119.3,14,32,111,119.3,43,35,116,61.6
3,35,7,98,116,119.3,14,32,111,119.3,43,35,116,65.7
3,35,8,98,113,117.3,14,35,109,117.3,44,35,112,61.6
3,35,8,98,113,117.3,14,35,109,117.3,44,35,112,65.7
3,35,9,98,113,118,14,35,111,118,44,35,112,61.3
3,35,9,98,113,118,14,35,111,118,44,35,112,61.5
3,35,10,98,113,115.2,13,35,110,115.2,48,35,113,61.3
3,35,10,98,113,115.2,13,35,110,115.2,48,35,113,61.5
3,35,11,98,113,117.3,14,36,108,117.3,41,35,112,60.8
3,35,11,98,113,117.3,14,36,108,117.3,41,35,112,63.6
3,35,12,98,110,117.3,14,31,111,117.3,41,35,110,60.8
3,35,12,98,110,117.3,14,31,111,117.3,41,35,110,63.6
3,35,13,98,116,118.6,15,35,113,118.6,50,35,116,60.3
3,35,13,98,116,118.6,15,35,113,118.6,50,35,116,62.7
3,35,14,98,113,117.4,16,35,110,117.4,50,35,112,60.3
3,35,14,98,113,117.4,16,35,110,117.4,50,35,112,62.7
3,35,15,98,116,118.5,15,31,110,118.5,44,35,115,59.9
3,35,16,98,116,118.5,15,33,112,118.5,44,35,116,59.9
3,35,17,98,105,118.5,15,31,110,118.5,44,35,104,60.8
3,35,18,98,116,119.7,15,33,111,119.7,36,35,117,60.8
3,35,19,98,117,118.7,14,35,110,118.7,42,35,117,61.2
3,35,20,98,117,118.7,12,35,109,118.7,42,35,116,61.2
3,35,21,98,116,118.8,12,35,108,118.8,35,35,116,59.8
3,35,22,98,113,115.9,14,35,109,115.9,46,35,114,59.8
3,35,23,98,116,118.9,13,31,112,118.9,52,35,114,58.8
3,35,24,98,116,118.6,14,31,110,118.6,32,35,116,58.8
3,35,25,98,116,118.6,14,31,110,118.6,32,35,115,61.2
3,35,26,98,117,118.6,14,32,112,118.6,32,35,116,61.2
3,35,27,98,116,118.6,14,31,112,118.6,32,35,117,59.9
3,35,28,98,106,118.6,14,31,112,118.6,32,35,106,59.9
3,35,29,98,111,118.6,14,30,113,118.6,32,35,111,59.4
3,35,30,98,114,118.6,14,31,112,118.6,32,35,112,59.4
1,14,1,98,113,115.5,16,35,82,115.5,56,14,112,63.8
1,14,1,98,113,115.5,16,35,82,115.5,56,14,112,60.8
1,14,2,98,115,115.5,16,30,106,115.5,56,14,115,63.8
1,14,2,98,115,115.5,16,30,106,115.5,56,14,115,60.8
1,14,3,98,117,118.4,16,35,111,118.4,48,14,116,64
1,14,3,98,117,118.4,16,35,111,118.4,48,14,116,61.2
1,14,4,98,113,116.8,16,35,109,116.8,56,14,112,64
1,14,4,98,113,116.8,16,35,109,116.8,56,14,112,61.2
1,14,5,98,117,118.7,18,35,107,118.7,55,14,115,62.4
1,14,5,98,117,118.7,18,35,107,118.7,55,14,115,59.9
1,14,6,98,105,118.7,18,31,109,118.7,55,14,105,62.4
1,14,6,98,105,118.7,18,31,109,118.7,55,14,105,59.9
1,14,7,98,114,118.7,18,32,109,118.7,55,14,114,61.6
1,14,7,98,114,118.7,18,32,109,118.7,55,14,114,65.7
1,14,8,98,114,118.7,18,31,110,118.7,55,14,114,61.6
1,14,8,98,114,118.7,18,31,110,118.7,55,14,114,65.7
1,14,9,98,112,118.7,18,31,112,118.7,55,14,111,61.3
1,14,9,98,112,118.7,18,31,112,118.7,55,14,111,61.5
1,14,10,98,118,118.7,18,31,108,118.7,55,14,117,61.3
1,14,10,98,118,118.7,18,31,108,118.7,55,14,117,61.5
1,14,11,98,113,117.4,15,35,112,117.4,56,14,111,60.8
1,14,11,98,113,117.4,15,35,112,117.4,56,14,111,63.6
1,14,12,98,113,117.7,16,35,110,117.7,63,14,112,60.8
1,14,12,98,113,117.7,16,35,110,117.7,63,14,112,63.6
1,14,13,98,105,117.7,16,30,110,117.7,63,14,105,60.3
1,14,13,98,105,117.7,16,30,110,117.7,63,14,105,62.7
1,14,14,98,114,117.7,16,31,110,117.7,63,14,114,60.3
1,14,14,98,114,117.7,16,31,110,117.7,63,14,114,62.7
1,44,1,98,113,115.4,23,36,79,115.4,67,44,113,59.8
1,44,2,98,117,115.4,23,31,104,115.4,67,44,117,59.8
1,44,3,98,113,115,21,36,85,115,68,44,112,59.6
1,44,4,98,113,116.9,22,36,99,116.9,71,44,111,59.6
1,44,5,98,113,118,20,36,109,118,73,44,112,59.6
1,44,6,98,116,119.5,22,32,109,119.5,70,44,116,59.6
1,44,7,98,113,116.6,20,36,109,116.6,68,44,112,60
1,44,8,98,105,116.6,20,32,108,116.6,68,44,105,60
1,44,9,98,117,118.3,20,36,111,118.3,60,44,117,61.6
1,44,10,98,117,118.8,18,36,109,118.8,52,44,117,61.6
1,44,11,98,113,117.6,16,36,111,117.6,49,44,111,59.6
1,44,12,98,116,117.6,16,33,111,117.6,49,44,116,59.6
1,44,13,98,111,117.6,16,34,109,117.6,49,44,111,58.6
1,44,14,98,113,116.1,12,36,110,116.1,51,44,112,58.6
1,44,15,98,118,118.2,16,36,106,118.2,48,44,116,58.6
1,44,16,98,110,118.2,16,31,108,118.2,48,44,108,58.6
1,44,17,98,113,117.5,14,36,109,117.5,48,44,113,60.7
1,44,18,98,118,118.1,14,36,110,118.1,51,44,117,60.7
1,44,19,98,116,119.2,15,32,107,119.2,48,44,116,60.4
1,44,20,98,118,118.1,15,36,111,118.1,45,44,117,60.4
1,44,21,98,118,118.1,15,32,108,118.1,45,44,117,60.3
1,44,22,98,113,116.3,14,36,109,116.3,34,44,113,60.3
1,44,23,98,113,117.1,15,36,111,117.1,47,44,113,58.8
1,44,24,98,117,118.8,15,36,109,118.8,46,44,116,58.8
1,44,25,98,113,117.6,14,36,109,117.6,40,44,110,58.8
1,44,26,98,113,116.3,14,36,112,116.3,44,44,112,58.8
1,44,27,98,116,119.3,15,31,111,119.3,45,44,114,56.6
1,44,28,98,113,117.8,13,36,110,117.8,49,44,112,56.6
1,44,29,98,113,117.4,13,36,111,117.4,44,44,112,56.8
1,44,30,98,116,118.8,14,32,110,118.8,39,44,116,56.8
1,44,31,98,116,119.2,13,32,109,119.2,42,44,116,56.3
1,44,32,98,113,116.7,13,36,110,116.7,44,44,112,56.3
1,44,33,98,116,118.9,15,31,111,118.9,32,44,116,54.6
1,44,34,98,113,117.3,13,36,111,117.3,39,44,112,54.6
1,44,35,98,113,116.1,13,36,91,116.1,47,44,113,56
1,44,36,98,113,117.1,12,36,107,117.1,45,44,111,56
1,44,37,98,113,116.8,13,36,111,116.8,46,44,112,55
1,44,38,98,116,120,14,31,112,120,42,44,116,55
1,44,39,98,116,120.3,14,32,111,120.3,46,44,115,52.5
1,44,40,98,116,119.1,14,31,112,119.1,38,44,116,52.5
1,44,41,98,116,119,14,31,107,119,49,44,115,57.8
1,44,42,98,116,119.2,14,32,109,119.2,44,44,115,57.8
1,44,43,98,113,116,13,36,111,116,50,44,113,58.2
1,44,44,98,113,115.4,14,36,109,115.4,47,44,112,58.2
3,10,1,95,121,105.2,247,20,71,105.2,1413,10,120,50.1
3,10,2,95,121,105.2,247,20,73,105.2,1413,10,120,50.1
3,10,3,95,121,105.2,247,20,74,105.2,1413,10,121,50.3
3,10,4,94,118,98.5,254,20,82,98.5,389,10,118,50.3
3,10,5,94,121,98.5,254,20,77,98.5,389,10,121,50.1
3,10,6,94,121,98.5,254,20,81,98.5,389,10,121,50.1
3,10,7,94,121,98.5,254,20,78,98.5,389,10,120,53.2
3,10,8,94,121,98.5,254,20,75,98.5,389,10,120,53.2
3,1,1,92,121,111.7,240,18,114,111.7,1345,1,120,81.1
3,2,1,84,108,106.4,46,26,91,106.4,173,2,106,79.9
3,2,2,81,104,107.8,48,26,98,107.8,170,2,104,79.9
3,2,1,89,112,109.3,226,25,68,109.3,582,2,112,47.2
3,2,2,81,95,108.8,217,28,81,108.8,1477,2,94,47.2
3,32,1,99,131,104,245,24,76,104,772,32,130,63.1
3,32,2,99,131,104,245,30,82,104,772,32,131,63.1
3,32,3,105,129,105.5,113,29,78,105.5,869,32,128,63.1
3,32,4,104,128,105.2,267,30,78,105.2,974,32,126,63.1
3,32,5,104,131,105.2,267,25,76,105.2,974,32,130,58.7
3,32,6,104,131,105.2,267,24,80,105.2,974,32,130,58.7
3,32,7,104,131,105.2,267,25,87,105.2,974,32,131,60.8
3,32,8,104,131,105.2,267,24,84,105.2,974,32,131,60.8
3,32,9,105,128,105.8,280,30,79,105.8,1299,32,128,60.9
3,32,10,105,131,105.8,280,24,77,105.8,1299,32,130,60.9
3,32,11,105,131,105.8,280,30,92,105.8,1299,32,130,56.2
3,32,12,100,119,105.2,257,30,81,105.2,1393,32,118,56.2
3,32,13,100,119,105.6,235,30,83,105.6,979,32,118,62.8
3,32,14,100,131,105.6,235,24,86,105.6,979,32,130,62.8
3,32,15,100,131,105.6,235,24,81,105.6,979,32,130,65.3
3,32,16,101,121,105.9,60,30,89,105.9,1373,32,120,65.3
3,32,17,101,121,106.3,264,30,83,106.3,1397,32,121,63.6
3,32,18,101,131,106.3,264,24,91,106.3,1397,32,129,63.6
3,32,19,101,131,106.3,264,24,83,106.3,1397,32,130,65
3,32,20,101,131,106.3,264,24,82,106.3,1397,32,130,65
3,32,21,104,127,106.1,84,29,92,106.1,1192,32,128,61.2
3,32,22,97,117,104.8,240,30,85,104.8,530,32,117,61.2
3,32,23,97,131,104.8,240,29,89,104.8,530,32,130,62.6
3,32,24,97,117,105.7,73,30,90,105.7,825,32,116,62.6
3,32,25,96,116,105.9,252,30,88,105.9,815,32,115,64.2
3,32,26,101,121,106.2,263,29,98,106.2,348,32,121,64.2
3,32,27,105,128,106.3,274,29,90,106.3,1058,32,128,65
3,32,28,105,131,106.3,274,24,83,106.3,1058,32,130,65
3,32,29,105,128,106.3,77,29,86,106.3,546,32,128,64.4
3,32,30,105,131,106.3,77,24,88,106.3,546,32,130,64.4
3,84,1,113,138,105.5,132,26,79,105.5,374,84,135,59.7
3,32,31,95,114,105.2,247,30,82,105.2,1413,32,113,62.7
3,84,2,103,120,108.3,129,27,81,108.3,376,84,118,59.7
3,32,32,95,131,105.2,247,30,97,105.2,1413,32,129,62.7
3,84,3,105,122,106.9,120,27,86,106.9,375,84,120,59.2
3,84,4,111,128,109.3,129,28,87,109.3,356,84,126,59.2
3,84,5,103,120,100.5,110,27,90,100.5,375,84,117,59.4
3,84,6,110,128,105.8,124,27,88,105.8,357,84,126,59.4
3,84,7,105,123,105.9,118,26,89,105.9,412,84,121,55.9
3,84,8,105,122,104.9,120,27,90,104.9,339,84,120,55.9
3,84,9,113,139,108.1,135,26,94,108.1,339,84,136,59.9
3,84,10,109,127,107,123,28,83,107,358,84,125,59.9
3,84,11,115,140,105.9,127,27,89,105.9,338,84,137,57.2
3,84,12,115,140,105.9,127,27,89,105.9,338,84,138,57.2
3,84,13,103,121,108.4,118,28,88,108.4,338,84,120,60.6
3,84,14,111,136,108.5,127,25,93,108.5,375,84,134,60.6
3,84,15,102,119,106.9,116,27,93,106.9,394,84,117,61.9
3,84,16,103,120,106.7,119,28,88,106.7,357,84,119,61.9
3,84,17,108,126,106.4,128,26,86,106.4,376,84,124,60.5
3,84,18,111,136,108.2,127,27,84,108.2,321,84,135,60.5
3,84,19,105,122,106.8,125,26,88,106.8,376,84,120,59.5
3,84,20,105,140,106.8,125,27,91,106.8,376,84,140,59.5
3,84,21,108,125,106.7,126,27,86,106.7,408,84,123,57.9
3,84,22,109,126,107.7,127,28,90,107.7,375,84,124,57.9
3,84,23,114,139,109.4,134,26,87,109.4,376,84,139,57.4
3,84,24,102,119,107.6,123,27,93,107.6,320,84,117,57.4
3,84,25,102,119,107.8,125,27,89,107.8,340,84,117,61
3,84,26,103,120,108.6,130,27,87,108.6,349,84,118,61
3,84,27,105,122,107,116,26,87,107,392,84,120,57.9
3,84,28,107,124,107.1,123,27,94,107.1,357,84,121,57.9
3,84,29,107,140,107.1,123,26,91,107.1,357,84,138,59.4
3,84,30,107,124,106.1,127,28,84,106.1,393,84,123,59.4
3,84,31,104,122,106.1,118,26,89,106.1,394,84,119,61.3
3,84,32,105,123,102.1,128,26,87,102.1,413,84,122,61.3
3,84,33,104,121,108.2,125,27,85,108.2,394,84,119,60.6
3,84,34,106,123,108.1,128,27,88,108.1,448,84,121,60.6
3,84,35,113,137,106.5,129,27,87,106.5,338,84,137,60.5
3,84,36,112,128,104.9,133,28,80,104.9,430,84,126,60.5
3,84,37,114,139,107.5,133,27,90,107.5,367,84,138,58.5
3,84,38,107,124,106.7,122,26,90,106.7,374,84,121,58.5
3,84,39,101,118,105.1,112,27,88,105.1,430,84,117,62.1
3,84,40,107,124,106.5,125,27,91,106.5,385,84,122,62.1
3,84,41,100,118,103.6,119,31,87,103.6,392,84,117,59.1
3,84,42,102,119,104.9,113,27,95,104.9,447,84,118,59.1
3,84,43,116,141,103.6,128,27,89,103.6,376,84,139,60.5
3,84,44,100,117,108.2,118,27,91,108.2,375,84,115,60.5
3,84,45,102,120,107.9,114,26,89,107.9,321,84,117,58.6
3,84,46,108,126,108.5,132,26,90,108.5,411,84,124,58.6
3,84,47,105,122,105.8,117,27,91,105.8,394,84,121,58.1
3,84,48,109,127,108.5,130,28,90,108.5,375,84,125,58.1
3,84,49,102,119,106.8,117,28,87,106.8,356,84,118,56.1
3,84,50,106,124,107.6,117,27,90,107.6,394,84,121,56.1
3,84,51,103,120,103.8,121,26,86,103.8,411,84,118,61.9
3,84,52,102,119,108,112,27,89,108,413,84,116,61.9
3,84,53,112,137,108.2,127,27,88,108.2,374,84,136,61
3,84,54,102,120,105.9,116,27,86,105.9,411,84,118,61
3,84,55,100,118,108.7,111,28,92,108.7,381,84,118,61.1
3,84,56,103,121,106.7,123,26,93,106.7,356,84,120,61.1
3,84,57,111,137,103,124,25,92,103,338,84,134,59.8
3,84,58,107,125,107.4,126,28,89,107.4,412,84,124,59.8
3,84,59,102,119,106.4,123,27,89,106.4,376,84,117,58.6
3,96,3,109,127,106.3,127,31,86,106.3,321,96,125,55.3
3,84,60,102,141,106.4,123,27,93,106.4,376,84,139,58.6
3,96,4,105,123,107.3,116,31,92,107.3,357,96,121,55.3
3,84,61,102,119,104.4,115,28,86,104.4,395,84,118,60.2
3,84,62,102,119,104.1,113,26,88,104.1,357,84,116,60.2
3,84,63,102,119,105.6,112,26,88,105.6,465,84,117,58.6
3,84,64,108,126,106.8,117,27,87,106.8,362,84,124,58.6
3,84,65,102,119,108.9,110,27,94,108.9,414,84,117,59.9
3,84,66,111,127,107.1,128,27,95,107.1,375,84,124,59.9
3,84,67,100,117,107.6,119,27,99,107.6,392,84,117,60.4
3,84,68,109,127,106.8,126,29,98,106.8,338,84,125,60.4
3,84,69,108,126,106.3,123,27,86,106.3,374,84,125,58.2
3,84,70,111,136,106.6,132,28,90,106.6,348,84,135,58.2
3,96,5,105,141,107.3,116,26,63,107.3,357,96,139,56.9
3,84,71,111,141,106.6,132,26,86,106.6,348,84,138,59.8
3,84,72,108,125,106.7,124,26,89,106.7,413,84,124,59.8
3,96,6,105,140,107.3,116,25,79,107.3,357,96,139,56.9
3,96,7,102,119,107.9,115,30,97,107.9,359,96,117,56.3
3,84,73,108,140,106.7,124,28,93,106.7,413,84,139,61.8
3,96,8,113,138,104.5,124,25,90,104.5,341,96,137,56.3
3,84,74,107,140,106.9,122,26,88,106.9,338,84,181,61.8
3,96,9,113,140,104.5,124,26,95,104.5,341,96,140,58.1
3,96,10,102,119,106.6,121,30,91,106.6,303,96,118,58.1
3,84,75,107,140,106.9,122,28,86,106.9,338,84,140,59.6
3,96,11,105,122,106.7,116,31,92,106.7,377,96,119,60
3,84,76,111,137,107.2,133,27,82,107.2,374,84,136,59.6
3,96,12,115,140,101.9,122,26,97,101.9,358,96,140,60
3,84,77,111,141,107.2,133,27,84,107.2,374,84,137,59.5
3,96,13,105,123,107.9,119,31,92,107.9,323,96,120,57.1
3,84,78,108,126,108.4,126,27,91,108.4,301,84,123,59.5
3,96,14,106,124,107,116,31,92,107,448,96,122,57.1
3,84,79,106,123,104.9,118,28,91,104.9,376,84,122,64.4
3,96,15,115,140,107.1,130,26,94,107.1,339,96,139,60
3,84,80,104,121,105.6,119,28,93,105.6,390,84,120,64.4
3,96,16,105,123,106.9,113,31,93,106.9,341,96,121,60
3,84,81,108,126,108,118,29,91,108,374,84,126,60.5
3,96,17,102,120,106,115,31,93,106,332,96,118,56.9
3,84,82,102,119,108.2,115,27,95,108.2,341,84,118,60.5
3,96,18,105,122,106.1,113,30,99,106.1,321,96,121,56.9
3,84,83,102,119,109.7,128,26,99,109.7,339,84,116,61.6
3,96,19,105,140,106.1,113,25,95,106.1,321,96,139,57.8
3,84,84,101,118,108.5,113,26,101,108.5,375,84,116,61.6
3,96,20,107,125,102.3,118,31,94,102.3,358,96,123,57.8
3,96,21,103,120,107.3,117,31,95,107.3,354,96,118,58
3,96,22,110,128,106.4,116,31,101,106.4,393,96,126,58
3,96,23,101,118,107.9,112,31,96,107.9,359,96,115,57.1
3,96,24,103,120,107.4,112,32,93,107.4,321,96,118,57.1
3,96,25,113,137,106.7,121,25,85,106.7,378,96,136,58.6
3,96,26,108,126,108.5,125,31,89,108.5,358,96,124,58.6
3,96,27,103,120,107.6,109,30,92,107.6,366,96,118,59.9
3,96,28,104,121,107,112,31,92,107,394,96,120,59.9
3,96,29,104,141,107,112,25,93,107,394,96,138,57.5
3,96,30,112,137,109.9,132,24,89,109.9,322,96,137,57.5
3,96,31,101,118,107.5,114,31,95,107.5,376,96,116,57.5
3,96,32,103,121,108.2,114,31,96,108.2,392,96,119,57.5
3,96,33,99,116,107,104,31,91,107,394,96,114,59.1
3,96,34,112,137,105.9,122,26,97,105.9,340,96,137,59.1
3,96,35,102,119,102.7,110,30,88,102.7,356,96,117,59.4
3,96,36,102,42,102.7,110,31,95,102.7,356,96,42,59.4
3,96,37,102,34,102.7,110,31,98,102.7,356,96,33,59.5
3,96,38,102,140,102.7,110,27,57,102.7,356,96,139,59.5
3,96,38,102,140,102.7,110,27,57,102.7,356,96,139,59.9
3,96,39,112,137,107.2,142,27,83,107.2,359,96,136,60.1
3,96,39,112,137,107.2,142,27,83,107.2,359,96,136,61.4
3,96,40,100,117,105.2,124,28,93,105.2,395,96,116,60.1
3,96,40,100,117,105.2,124,28,93,105.2,395,96,116,61.4
3,96,41,104,122,108.8,123,28,89,108.8,394,96,121,61.8
3,96,42,100,117,107.6,107,27,95,107.6,394,96,114,61.8
3,96,43,103,120,108.7,126,26,99,108.7,374,96,118,61.4
3,96,44,104,121,109.1,120,26,97,109.1,414,96,119,61.4
3,96,45,104,140,109.1,120,27,84,109.1,414,96,139,60.8
3,96,46,109,127,106.3,128,28,82,106.3,394,96,124,60.8
3,96,47,102,119,103.6,118,29,91,103.6,357,96,118,61.6
3,96,48,102,119,108.4,119,27,93,108.4,357,96,117,61.6
1,50,1,103,141,110.8,124,27,79,110.8,338,50,138,56.3
1,50,2,104,121,105.8,132,28,85,105.8,358,50,120,56.3
1,50,3,101,119,106.1,119,28,94,106.1,377,50,117,55.3
1,50,3,101,119,106.1,119,28,94,106.1,377,50,117,56.8
1,50,4,109,127,106.4,126,28,89,106.4,356,50,126,55.3
1,50,4,109,127,106.4,126,28,89,106.4,356,50,126,56.8
1,50,5,106,123,107.5,122,28,90,107.5,356,50,122,56.9
1,50,5,106,123,107.5,122,28,90,107.5,356,50,122,59.8
1,50,6,102,119,109.4,123,28,91,109.4,366,50,117,56.9
1,50,6,102,119,109.4,123,28,91,109.4,366,50,117,59.8
1,50,7,102,119,108.5,116,27,94,108.5,356,50,117,56.3
1,50,7,102,119,108.5,116,27,94,108.5,356,50,117,58.9
1,50,8,102,119,106.9,119,28,92,106.9,432,50,117,56.3
1,50,8,102,119,106.9,119,28,92,106.9,432,50,117,58.9
1,50,9,104,121,110.2,121,28,95,110.2,338,50,120,58.1
1,50,9,104,121,110.2,121,28,95,110.2,338,50,120,59.9
1,50,10,102,119,110.6,126,27,96,110.6,338,50,116,58.1
1,50,10,102,119,110.6,126,27,96,110.6,338,50,116,59.9
1,50,11,106,123,107.1,112,27,102,107.1,446,50,122,60
1,50,11,106,123,107.1,112,27,102,107.1,446,50,122,61.5
1,50,12,101,119,104,117,27,103,104,411,50,117,60
1,50,12,101,119,104,117,27,103,104,411,50,117,61.5
1,50,13,100,118,108.5,119,26,95,108.5,377,50,116,57.1
1,50,13,100,118,108.5,119,26,95,108.5,377,50,116,59.9
1,50,14,108,125,110.3,122,27,99,110.3,381,50,123,57.1
1,50,14,108,125,110.3,122,27,99,110.3,381,50,123,59.9
1,50,15,102,119,110.4,117,28,94,110.4,394,50,118,60
1,50,15,102,119,110.4,117,28,94,110.4,394,50,118,60.2
1,50,16,102,119,109.7,124,26,94,109.7,375,50,117,60
1,50,16,102,119,109.7,124,26,94,109.7,375,50,117,60.2
1,50,17,102,140,109.7,124,27,95,109.7,375,50,140,56.9
1,50,17,102,140,109.7,124,27,95,109.7,375,50,140,56
1,50,18,101,119,109.1,117,27,95,109.1,339,50,117,56.9
1,50,18,101,119,109.1,117,27,95,109.1,339,50,117,56
1,50,19,104,122,106.5,118,26,93,106.5,466,50,120,57.8
1,50,19,104,122,106.5,118,26,93,106.5,466,50,120,56.7
1,50,20,105,122,106.4,120,27,97,106.4,378,50,120,57.8
1,50,20,105,122,106.4,120,27,97,106.4,378,50,120,56.7
1,50,21,105,141,106.4,120,28,93,106.4,378,50,140,58
1,50,21,105,141,106.4,120,28,93,106.4,378,50,140,59.3
1,50,22,102,119,107.8,116,27,89,107.8,395,50,117,58
1,50,22,102,119,107.8,116,27,89,107.8,395,50,117,59.3
1,50,23,111,136,108.1,133,28,100,108.1,375,50,136,57.1
1,50,23,111,136,108.1,133,28,100,108.1,375,50,136,58.5
1,50,24,101,118,110.2,122,28,93,110.2,377,50,116,57.1
1,50,24,101,118,110.2,122,28,93,110.2,377,50,116,58.5
1,50,25,102,119,109.4,120,26,103,109.4,357,50,116,58.6
1,50,25,102,119,109.4,120,26,103,109.4,357,50,116,58.8
1,50,26,102,119,107,118,28,93,107,358,50,117,58.6
1,50,26,102,119,107,118,28,93,107,358,50,117,58.8
1,50,27,102,119,108.8,122,27,93,108.8,356,50,117,59.9
1,50,27,102,119,108.8,122,27,93,108.8,356,50,117,57.9
1,50,28,100,117,104.9,116,28,97,104.9,402,50,115,59.9
1,50,28,100,117,104.9,116,28,97,104.9,402,50,115,57.9
1,50,29,101,118,107.4,114,28,93,107.4,412,50,115,57.5
1,50,29,101,118,107.4,114,28,93,107.4,412,50,115,60
1,50,30,102,119,105.9,109,26,96,105.9,450,50,117,57.5
1,50,30,102,119,105.9,109,26,96,105.9,450,50,117,60
1,50,31,102,119,113,121,26,92,113,412,50,117,57.5
1,50,31,102,119,113,121,26,92,113,412,50,117,61.1
1,50,32,102,119,109.1,121,28,99,109.1,394,50,118,57.5
1,50,32,102,119,109.1,121,28,99,109.1,394,50,118,61.1
1,50,33,102,119,106.8,103,27,91,106.8,478,50,117,59.1
1,50,33,102,119,106.8,103,27,91,106.8,478,50,117,62.1
1,50,34,100,117,103.9,110,27,92,103.9,414,50,116,59.1
1,50,34,100,117,103.9,110,27,92,103.9,414,50,116,62.1
1,50,35,106,124,103.3,123,26,94,103.3,431,50,121,59.4
1,50,35,106,124,103.3,123,26,94,103.3,431,50,121,58.1
1,50,36,102,119,108,114,27,92,108,399,50,118,59.4
1,50,36,102,119,108,114,27,92,108,399,50,118,58.1
1,50,37,106,123,108.2,121,26,94,108.2,413,50,121,59.5
1,50,37,106,123,108.2,121,26,94,108.2,413,50,121,59.9
1,50,38,101,118,103.7,112,26,92,103.7,410,50,115,59.5
1,50,38,101,118,103.7,112,26,92,103.7,410,50,115,59.9
1,50,39,100,117,104.9,114,28,96,104.9,395,50,115,60.1
1,50,39,100,117,104.9,114,28,96,104.9,395,50,115,61.4
1,50,40,103,120,107,116,27,99,107,383,50,118,60.1
1,50,40,103,120,107,116,27,99,107,383,50,118,61.4
1,50,41,112,138,107.1,126,26,94,107.1,357,50,136,61.8
1,50,41,112,138,107.1,126,26,94,107.1,357,50,136,58.3
1,50,42,107,124,105.5,117,28,98,105.5,339,50,123,61.8
1,50,42,107,124,105.5,117,28,98,105.5,339,50,123,58.3
1,50,43,105,122,107.5,128,28,92,107.5,320,50,120,61.4
1,50,43,105,122,107.5,128,28,92,107.5,320,50,120,58.6
1,50,44,103,120,105.8,119,27,99,105.8,376,50,117,61.4
1,50,44,103,120,105.8,119,27,99,105.8,376,50,117,58.6
1,50,45,103,121,104.8,120,26,94,104.8,321,50,119,60.8
1,50,45,103,121,104.8,120,26,94,104.8,321,50,119,58.1
3,2,1,109,131,106.7,54,26,85,106.7,131,2,131,63.4
3,2,2,105,128,107,50,26,93,107,138,2,127,63.4
