0,1,2,3,4,5,6,7,8,9,10,11,12,13
1.0,56.0,2.0,92.0,109.0,109.3,250.0,24.0,105.0,109.3,792.0,56.0,108.0,91.2
1.0,56.0,17.0,92.0,109.0,111.8,246.0,25.0,125.0,111.8,346.0,56.0,108.0,91.1
1.0,56.0,3.0,92.0,109.0,110.8,249.0,24.0,117.0,110.8,936.0,56.0,108.0,91.1
1.0,56.0,18.0,92.0,109.0,109.8,261.0,24.0,119.0,109.8,829.0,56.0,108.0,91.1
1.0,56.0,4.0,92.0,109.0,111.6,59.0,24.0,111.0,111.6,893.0,56.0,108.0,91.1
1.0,56.0,19.0,92.0,109.0,110.9,256.0,24.0,115.0,110.9,471.0,56.0,108.0,89.2
1.0,56.0,5.0,92.0,109.0,111.6,237.0,25.0,101.0,111.6,1001.0,56.0,108.0,90.2
1.0,56.0,20.0,92.0,109.0,109.1,71.0,24.0,107.0,109.1,471.0,56.0,108.0,89.2
1.0,56.0,6.0,92.0,109.0,111.2,237.0,25.0,118.0,111.2,1322.0,56.0,109.0,90.2
1.0,56.0,21.0,92.0,109.0,111.9,225.0,24.0,125.0,111.9,1084.0,56.0,109.0,92.8
1.0,56.0,7.0,92.0,109.0,110.1,234.0,25.0,118.0,110.1,937.0,56.0,108.0,89.9
1.0,56.0,22.0,92.0,109.0,111.2,223.0,24.0,120.0,111.2,1169.0,56.0,109.0,92.8
1.0,56.0,8.0,92.0,109.0,106.9,246.0,25.0,138.0,106.9,1241.0,56.0,108.0,89.9
1.0,56.0,23.0,92.0,109.0,108.9,66.0,25.0,120.0,108.9,1995.0,56.0,109.0,91.1
1.0,56.0,9.0,92.0,109.0,110.9,251.0,24.0,104.0,110.9,1504.0,56.0,108.0,88.8
1.0,56.0,24.0,92.0,109.0,111.9,55.0,25.0,101.0,111.9,1019.0,56.0,108.0,91.1
1.0,56.0,25.0,92.0,109.0,111.7,238.0,24.0,104.0,111.7,1326.0,56.0,108.0,91.3
1.0,56.0,26.0,92.0,109.0,112.2,251.0,24.0,125.0,112.2,1080.0,56.0,108.0,91.3
1.0,56.0,27.0,92.0,109.0,113.2,244.0,24.0,114.0,113.2,651.0,56.0,108.0,88.9
1.0,56.0,28.0,92.0,109.0,109.7,244.0,25.0,118.0,109.7,656.0,56.0,108.0,88.9
1.0,56.0,29.0,92.0,109.0,109.0,244.0,24.0,130.0,109.0,1031.0,56.0,108.0,89.0
1.0,56.0,30.0,92.0,109.0,112.1,244.0,25.0,103.0,112.1,1157.0,56.0,109.0,89.0
1.0,56.0,31.0,92.0,109.0,111.1,233.0,25.0,106.0,111.1,1203.0,56.0,109.0,88.3
1.0,56.0,32.0,92.0,109.0,112.4,65.0,25.0,113.0,112.4,918.0,56.0,109.0,88.3
1.0,56.0,33.0,92.0,109.0,108.8,241.0,24.0,114.0,108.8,1500.0,56.0,108.0,88.3
1.0,56.0,34.0,92.0,109.0,108.8,229.0,24.0,107.0,108.8,737.0,56.0,108.0,88.3
1.0,56.0,35.0,92.0,109.0,106.5,235.0,24.0,116.0,106.5,805.0,56.0,107.0,88.3
1.0,56.0,1.0,92.0,109.0,106.5,225.0,24.0,107.0,106.5,1098.0,56.0,109.0,92.6
1.0,56.0,36.0,92.0,109.0,109.3,246.0,24.0,108.0,109.3,820.0,56.0,109.0,92.6
1.0,56.0,2.0,92.0,109.0,107.2,234.0,24.0,99.0,107.2,625.0,56.0,109.0,92.6
1.0,56.0,37.0,92.0,109.0,111.2,271.0,24.0,99.0,111.2,1004.0,56.0,108.0,92.6
1.0,56.0,3.0,92.0,109.0,111.5,37.0,24.0,102.0,111.5,572.0,56.0,108.0,92.2
1.0,56.0,38.0,92.0,109.0,109.3,254.0,26.0,103.0,109.3,1369.0,56.0,108.0,92.2
1.0,56.0,4.0,92.0,109.0,111.2,53.0,24.0,119.0,111.2,1154.0,56.0,108.0,92.2
1.0,56.0,39.0,92.0,109.0,110.1,239.0,24.0,122.0,110.1,795.0,56.0,109.0,92.2
1.0,56.0,5.0,92.0,109.0,107.9,240.0,24.0,122.0,107.9,754.0,56.0,108.0,91.3
1.0,56.0,40.0,92.0,109.0,107.8,50.0,24.0,119.0,107.8,1016.0,56.0,108.0,91.3
1.0,56.0,6.0,92.0,109.0,107.3,246.0,24.0,110.0,107.3,1036.0,56.0,108.0,91.3
1.0,56.0,41.0,92.0,109.0,106.6,227.0,24.0,110.0,106.6,759.0,56.0,108.0,91.3
1.0,56.0,7.0,92.0,109.0,106.7,234.0,26.0,135.0,106.7,844.0,56.0,109.0,90.9
1.0,56.0,42.0,92.0,109.0,107.5,63.0,25.0,117.0,107.5,548.0,56.0,109.0,90.9
1.0,56.0,8.0,92.0,109.0,110.6,249.0,24.0,110.0,110.6,689.0,56.0,108.0,90.9
1.0,56.0,43.0,92.0,109.0,111.0,241.0,27.0,123.0,111.0,883.0,56.0,109.0,90.9
1.0,56.0,9.0,92.0,109.0,110.4,231.0,24.0,114.0,110.4,1003.0,56.0,108.0,91.2
1.0,56.0,44.0,92.0,109.0,110.6,68.0,24.0,117.0,110.6,1131.0,56.0,109.0,91.2
1.0,56.0,10.0,92.0,109.0,111.5,230.0,24.0,114.0,111.5,967.0,56.0,108.0,91.2
1.0,56.0,45.0,92.0,109.0,111.2,60.0,24.0,110.0,111.2,1535.0,56.0,108.0,91.2
1.0,56.0,11.0,95.0,112.0,105.2,256.0,24.0,118.0,105.2,724.0,56.0,110.0,91.2
1.0,56.0,46.0,92.0,109.0,110.0,251.0,25.0,112.0,110.0,792.0,56.0,108.0,91.2
1.0,56.0,12.0,92.0,109.0,107.9,226.0,25.0,122.0,107.9,465.0,56.0,109.0,91.2
1.0,56.0,47.0,92.0,109.0,107.7,223.0,24.0,113.0,107.7,1745.0,56.0,109.0,91.2
1.0,56.0,13.0,92.0,109.0,109.6,238.0,24.0,128.0,109.6,1228.0,56.0,108.0,90.9
1.0,56.0,48.0,92.0,109.0,112.1,241.0,24.0,111.0,112.1,864.0,56.0,108.0,90.9
1.0,56.0,14.0,92.0,109.0,108.8,256.0,25.0,120.0,108.8,1121.0,56.0,109.0,90.9
1.0,56.0,15.0,92.0,109.0,111.4,239.0,25.0,114.0,111.4,1300.0,56.0,109.0,91.0
1.0,56.0,49.0,92.0,109.0,109.0,242.0,24.0,112.0,109.0,808.0,56.0,108.0,91.0
1.0,56.0,16.0,92.0,109.0,110.2,218.0,24.0,107.0,110.2,873.0,56.0,108.0,91.0
1.0,56.0,50.0,92.0,109.0,108.9,234.0,25.0,106.0,108.9,828.0,56.0,109.0,91.0
1.0,56.0,17.0,92.0,109.0,110.7,63.0,24.0,125.0,110.7,719.0,56.0,109.0,90.0
1.0,56.0,51.0,92.0,109.0,113.3,238.0,26.0,126.0,113.3,750.0,56.0,109.0,90.0
1.0,56.0,18.0,92.0,109.0,108.6,220.0,25.0,97.0,108.6,189.0,56.0,109.0,90.0
1.0,56.0,10.0,108.0,132.0,103.9,267.0,24.0,88.0,103.9,600.0,56.0,130.0,88.8
1.0,56.0,52.0,92.0,109.0,111.0,265.0,24.0,116.0,111.0,937.0,56.0,108.0,88.8
1.0,56.0,19.0,92.0,109.0,111.3,249.0,25.0,108.0,111.3,1006.0,56.0,109.0,87.9
1.0,56.0,11.0,92.0,109.0,106.7,228.0,24.0,101.0,106.7,843.0,56.0,109.0,88.9
1.0,56.0,53.0,92.0,109.0,113.0,263.0,24.0,124.0,113.0,359.0,56.0,107.0,88.9
1.0,56.0,20.0,92.0,109.0,111.9,59.0,25.0,127.0,111.9,1158.0,56.0,109.0,87.9
1.0,56.0,12.0,92.0,109.0,109.8,257.0,26.0,125.0,109.8,873.0,56.0,110.0,88.9
1.0,56.0,54.0,92.0,109.0,112.1,249.0,24.0,129.0,112.1,1287.0,56.0,109.0,88.9
1.0,56.0,21.0,92.0,109.0,110.8,245.0,24.0,114.0,110.8,1036.0,56.0,108.0,89.5
1.0,56.0,13.0,92.0,109.0,111.6,228.0,25.0,121.0,111.6,1032.0,56.0,108.0,89.4
1.0,56.0,55.0,92.0,109.0,111.0,69.0,24.0,116.0,111.0,1041.0,56.0,109.0,89.4
1.0,56.0,22.0,92.0,109.0,109.2,74.0,24.0,123.0,109.2,1021.0,56.0,108.0,89.5
1.0,56.0,14.0,92.0,109.0,110.7,223.0,25.0,115.0,110.7,948.0,56.0,108.0,89.4
1.0,56.0,56.0,92.0,109.0,108.5,60.0,24.0,98.0,108.5,958.0,56.0,109.0,89.4
1.0,56.0,23.0,92.0,109.0,110.4,242.0,25.0,114.0,110.4,399.0,56.0,108.0,90.7
1.0,56.0,15.0,92.0,109.0,110.3,241.0,24.0,120.0,110.3,838.0,56.0,108.0,89.7
1.0,56.0,24.0,92.0,109.0,111.6,237.0,25.0,114.0,111.6,614.0,56.0,108.0,90.7
1.0,56.0,16.0,92.0,109.0,109.1,241.0,24.0,113.0,109.1,419.0,56.0,107.0,89.7
1.0,56.0,25.0,92.0,109.0,112.4,234.0,25.0,121.0,112.4,1345.0,56.0,108.0,89.7
1.0,56.0,25.0,92.0,109.0,112.4,234.0,25.0,121.0,112.4,1345.0,56.0,108.0,91.2
1.0,56.0,17.0,92.0,109.0,112.2,236.0,25.0,96.0,112.2,522.0,56.0,109.0,88.4
1.0,56.0,26.0,92.0,109.0,111.4,229.0,25.0,118.0,111.4,948.0,56.0,108.0,88.4
1.0,56.0,26.0,92.0,109.0,111.4,229.0,25.0,118.0,111.4,948.0,56.0,108.0,91.2
1.0,56.0,18.0,92.0,109.0,113.2,241.0,24.0,121.0,113.2,985.0,56.0,108.0,88.4
1.0,56.0,27.0,92.0,109.0,111.3,216.0,24.0,122.0,111.3,1065.0,56.0,108.0,88.4
1.0,56.0,27.0,92.0,109.0,111.3,216.0,24.0,122.0,111.3,1065.0,56.0,108.0,91.0
1.0,56.0,19.0,92.0,109.0,109.3,64.0,24.0,101.0,109.3,982.0,56.0,108.0,89.0
1.0,56.0,28.0,92.0,109.0,109.0,213.0,24.0,117.0,109.0,970.0,56.0,109.0,89.0
1.0,56.0,28.0,92.0,109.0,109.0,213.0,24.0,117.0,109.0,970.0,56.0,109.0,91.0
1.0,56.0,20.0,92.0,109.0,110.2,247.0,24.0,113.0,110.2,935.0,56.0,108.0,89.0
1.0,56.0,29.0,92.0,109.0,109.5,236.0,24.0,136.0,109.5,1464.0,56.0,107.0,89.0
1.0,56.0,29.0,92.0,109.0,109.5,236.0,24.0,136.0,109.5,1464.0,56.0,107.0,92.1
1.0,56.0,21.0,92.0,109.0,111.4,59.0,24.0,109.0,111.4,959.0,56.0,108.0,90.4
1.0,56.0,30.0,92.0,109.0,110.6,244.0,25.0,115.0,110.6,656.0,56.0,108.0,90.4
1.0,56.0,30.0,92.0,109.0,110.6,244.0,25.0,115.0,110.6,656.0,56.0,108.0,92.1
1.0,56.0,22.0,92.0,109.0,108.8,253.0,24.0,123.0,108.8,1045.0,56.0,108.0,90.4
1.0,56.0,31.0,92.0,109.0,112.8,217.0,24.0,105.0,112.8,1417.0,56.0,108.0,91.9
1.0,56.0,23.0,92.0,109.0,108.6,63.0,25.0,119.0,108.6,1460.0,56.0,109.0,90.2
1.0,56.0,32.0,92.0,109.0,110.7,236.0,24.0,104.0,110.7,725.0,56.0,109.0,91.9
1.0,56.0,24.0,92.0,109.0,109.3,238.0,24.0,145.0,109.3,708.0,56.0,109.0,90.2
1.0,56.0,33.0,92.0,109.0,111.5,234.0,25.0,114.0,111.5,1538.0,56.0,109.0,90.8
1.0,56.0,25.0,92.0,109.0,109.1,219.0,24.0,121.0,109.1,826.0,56.0,108.0,88.4
1.0,56.0,34.0,92.0,109.0,109.2,236.0,24.0,126.0,109.2,907.0,56.0,108.0,90.8
1.0,56.0,26.0,92.0,109.0,107.4,237.0,25.0,118.0,107.4,805.0,56.0,109.0,88.4
1.0,56.0,35.0,92.0,109.0,109.2,236.0,24.0,122.0,109.2,1013.0,56.0,108.0,91.7
1.0,56.0,27.0,92.0,109.0,112.3,249.0,24.0,122.0,112.3,1045.0,56.0,109.0,90.8
1.0,56.0,36.0,92.0,109.0,110.6,236.0,25.0,124.0,110.6,783.0,56.0,109.0,91.7
1.0,56.0,28.0,92.0,109.0,112.5,237.0,25.0,118.0,112.5,1355.0,56.0,109.0,90.8
1.0,56.0,37.0,92.0,109.0,112.3,241.0,24.0,118.0,112.3,1667.0,56.0,108.0,91.7
1.0,56.0,29.0,92.0,109.0,109.9,231.0,24.0,111.0,109.9,1403.0,56.0,108.0,90.6
1.0,56.0,38.0,92.0,109.0,111.3,252.0,25.0,114.0,111.3,693.0,56.0,108.0,91.7
1.0,56.0,30.0,92.0,109.0,113.3,235.0,24.0,145.0,113.3,703.0,56.0,108.0,90.6
1.0,56.0,39.0,92.0,109.0,108.1,242.0,25.0,117.0,108.1,828.0,56.0,109.0,91.5
1.0,56.0,31.0,92.0,109.0,113.5,241.0,24.0,120.0,113.5,451.0,56.0,109.0,93.0
1.0,56.0,40.0,92.0,109.0,108.5,233.0,24.0,97.0,108.5,1155.0,56.0,107.0,91.5
1.0,56.0,32.0,92.0,109.0,109.8,241.0,25.0,115.0,109.8,1132.0,56.0,108.0,93.0
1.0,56.0,41.0,92.0,109.0,105.1,240.0,24.0,113.0,105.1,1255.0,56.0,108.0,93.0
1.0,56.0,33.0,92.0,109.0,111.6,250.0,25.0,119.0,111.6,1189.0,56.0,109.0,90.7
1.0,56.0,42.0,92.0,109.0,107.4,244.0,24.0,121.0,107.4,876.0,56.0,108.0,93.0
1.0,56.0,34.0,92.0,109.0,110.3,246.0,24.0,109.0,110.3,882.0,56.0,109.0,90.7
1.0,56.0,43.0,92.0,109.0,106.1,229.0,24.0,104.0,106.1,866.0,56.0,108.0,90.3
1.0,56.0,35.0,92.0,109.0,111.8,231.0,24.0,116.0,111.8,475.0,56.0,109.0,90.6
1.0,56.0,44.0,92.0,109.0,107.0,237.0,26.0,111.0,107.0,872.0,56.0,109.0,90.3
1.0,56.0,36.0,92.0,109.0,113.4,53.0,25.0,125.0,113.4,1686.0,56.0,109.0,90.6
1.0,56.0,45.0,92.0,109.0,109.0,242.0,24.0,118.0,109.0,605.0,56.0,108.0,90.2
1.0,56.0,37.0,92.0,109.0,108.5,235.0,24.0,120.0,108.5,879.0,56.0,108.0,90.1
1.0,56.0,46.0,92.0,109.0,110.8,222.0,24.0,110.0,110.8,354.0,56.0,108.0,90.2
1.0,56.0,38.0,92.0,109.0,111.0,240.0,24.0,116.0,111.0,990.0,56.0,108.0,90.1
1.0,56.0,47.0,92.0,109.0,109.4,243.0,26.0,121.0,109.4,1354.0,56.0,109.0,90.1
1.0,56.0,39.0,92.0,109.0,108.9,248.0,24.0,120.0,108.9,1665.0,56.0,109.0,92.6
1.0,56.0,48.0,92.0,109.0,110.3,230.0,26.0,124.0,110.3,1032.0,56.0,109.0,90.1
1.0,56.0,40.0,92.0,109.0,108.2,230.0,25.0,120.0,108.2,756.0,56.0,109.0,92.6
1.0,56.0,49.0,92.0,109.0,110.8,231.0,24.0,104.0,110.8,484.0,56.0,108.0,91.7
1.0,56.0,41.0,92.0,109.0,109.7,250.0,24.0,114.0,109.7,1054.0,56.0,108.0,92.6
1.0,56.0,50.0,92.0,109.0,110.2,250.0,24.0,118.0,110.2,926.0,56.0,109.0,91.7
1.0,56.0,42.0,92.0,109.0,106.4,233.0,25.0,117.0,106.4,1227.0,56.0,109.0,92.6
1.0,56.0,51.0,92.0,109.0,112.5,243.0,24.0,114.0,112.5,692.0,56.0,108.0,90.7
1.0,56.0,43.0,92.0,109.0,105.9,243.0,25.0,123.0,105.9,941.0,56.0,108.0,90.3
1.0,56.0,52.0,92.0,109.0,113.5,256.0,24.0,105.0,113.5,967.0,56.0,109.0,90.7
1.0,56.0,44.0,92.0,109.0,108.2,234.0,24.0,108.0,108.2,852.0,56.0,109.0,90.3
1.0,56.0,53.0,92.0,109.0,112.1,233.0,24.0,123.0,112.1,1189.0,56.0,109.0,89.3
1.0,56.0,45.0,92.0,109.0,110.4,245.0,25.0,109.0,110.4,488.0,56.0,108.0,89.0
1.0,56.0,54.0,92.0,109.0,111.0,226.0,24.0,112.0,111.0,615.0,56.0,109.0,89.3
1.0,56.0,46.0,92.0,109.0,109.2,242.0,24.0,123.0,109.2,713.0,56.0,109.0,89.0
1.0,56.0,55.0,92.0,109.0,109.1,255.0,24.0,107.0,109.1,1016.0,56.0,109.0,90.4
1.0,56.0,47.0,92.0,109.0,111.0,250.0,25.0,116.0,111.0,452.0,56.0,109.0,90.8
1.0,56.0,56.0,92.0,109.0,112.6,231.0,24.0,115.0,112.6,1672.0,56.0,108.0,90.4
1.0,56.0,48.0,92.0,109.0,110.2,239.0,25.0,101.0,110.2,205.0,56.0,110.0,90.8
1.0,56.0,49.0,92.0,109.0,107.0,221.0,24.0,113.0,107.0,356.0,56.0,108.0,89.8
1.0,56.0,50.0,92.0,109.0,112.1,230.0,24.0,115.0,112.1,1875.0,56.0,108.0,89.8
1.0,56.0,51.0,92.0,109.0,112.6,246.0,24.0,113.0,112.6,1341.0,56.0,109.0,91.0
1.0,56.0,52.0,92.0,109.0,114.1,254.0,24.0,105.0,114.1,1267.0,56.0,108.0,91.0
1.0,56.0,53.0,92.0,109.0,111.3,243.0,24.0,105.0,111.3,1375.0,56.0,109.0,89.7
1.0,56.0,54.0,92.0,109.0,112.2,243.0,26.0,104.0,112.2,909.0,56.0,110.0,89.7
3.0,46.0,1.0,92.0,109.0,106.2,241.0,24.0,103.0,106.2,916.0,46.0,108.0,87.8
3.0,46.0,2.0,92.0,109.0,110.7,237.0,24.0,118.0,110.7,678.0,46.0,109.0,87.8
3.0,46.0,3.0,92.0,109.0,109.7,236.0,24.0,103.0,109.7,1216.0,46.0,109.0,86.3
3.0,46.0,4.0,92.0,109.0,108.0,235.0,24.0,115.0,108.0,1093.0,46.0,108.0,86.3
3.0,46.0,5.0,92.0,109.0,106.1,249.0,25.0,138.0,106.1,875.0,46.0,110.0,93.8
3.0,46.0,6.0,92.0,109.0,108.6,75.0,24.0,125.0,108.6,458.0,46.0,109.0,93.8
3.0,46.0,7.0,92.0,109.0,109.0,237.0,24.0,124.0,109.0,724.0,46.0,108.0,88.7
3.0,46.0,8.0,92.0,109.0,112.7,234.0,24.0,122.0,112.7,1474.0,46.0,108.0,88.7
3.0,46.0,9.0,92.0,109.0,110.6,243.0,24.0,109.0,110.6,970.0,46.0,110.0,90.0
3.0,46.0,10.0,92.0,109.0,111.2,231.0,24.0,111.0,111.2,648.0,46.0,109.0,90.0
3.0,46.0,11.0,92.0,109.0,110.5,240.0,24.0,126.0,110.5,511.0,46.0,109.0,92.2
3.0,46.0,12.0,92.0,109.0,111.3,250.0,24.0,120.0,111.3,384.0,46.0,108.0,92.2
3.0,50.0,1.0,92.0,110.0,104.2,246.0,24.0,107.0,104.2,1148.0,50.0,109.0,91.7
3.0,46.0,13.0,92.0,109.0,110.9,249.0,25.0,132.0,110.9,434.0,46.0,109.0,93.5
3.0,50.0,2.0,92.0,109.0,108.9,260.0,25.0,117.0,108.9,1286.0,50.0,109.0,91.7
3.0,46.0,14.0,92.0,109.0,109.9,69.0,24.0,104.0,109.9,786.0,46.0,108.0,93.5
3.0,50.0,3.0,92.0,109.0,110.0,232.0,24.0,116.0,110.0,687.0,50.0,108.0,90.2
3.0,46.0,15.0,92.0,109.0,110.0,233.0,25.0,128.0,110.0,713.0,46.0,108.0,92.4
3.0,50.0,4.0,92.0,109.0,106.8,251.0,25.0,127.0,106.8,817.0,50.0,109.0,90.2
3.0,46.0,16.0,92.0,109.0,111.9,235.0,24.0,114.0,111.9,920.0,46.0,109.0,92.4
3.0,50.0,5.0,92.0,109.0,110.8,243.0,24.0,119.0,110.8,1068.0,50.0,109.0,93.0
3.0,46.0,17.0,92.0,109.0,113.2,236.0,24.0,116.0,113.2,1454.0,46.0,108.0,89.9
3.0,50.0,6.0,92.0,109.0,110.4,235.0,26.0,110.0,110.4,1459.0,50.0,109.0,93.0
3.0,46.0,18.0,92.0,109.0,111.6,232.0,24.0,125.0,111.6,1511.0,46.0,108.0,89.9
3.0,50.0,7.0,92.0,109.0,107.2,238.0,24.0,121.0,107.2,1073.0,50.0,108.0,93.0
3.0,46.0,19.0,92.0,109.0,112.1,56.0,24.0,125.0,112.1,1076.0,46.0,109.0,88.7
3.0,50.0,8.0,92.0,109.0,109.7,74.0,25.0,131.0,109.7,1196.0,50.0,109.0,93.0
3.0,46.0,20.0,92.0,109.0,112.1,251.0,24.0,111.0,112.1,1260.0,46.0,109.0,88.7
3.0,50.0,9.0,92.0,109.0,110.1,253.0,24.0,119.0,110.1,1345.0,50.0,109.0,89.9
3.0,46.0,21.0,92.0,109.0,110.7,230.0,24.0,108.0,110.7,480.0,46.0,108.0,90.1
3.0,50.0,10.0,92.0,109.0,109.0,241.0,24.0,125.0,109.0,700.0,50.0,108.0,89.9
3.0,46.0,22.0,92.0,109.0,111.3,249.0,25.0,121.0,111.3,1079.0,46.0,109.0,90.1
3.0,50.0,11.0,92.0,109.0,112.4,238.0,24.0,122.0,112.4,866.0,50.0,108.0,91.0
3.0,46.0,23.0,92.0,109.0,112.8,239.0,24.0,132.0,112.8,1152.0,46.0,109.0,94.2
3.0,50.0,12.0,92.0,109.0,110.9,242.0,24.0,114.0,110.9,1575.0,50.0,107.0,91.0
3.0,46.0,24.0,92.0,109.0,111.8,242.0,24.0,118.0,111.8,859.0,46.0,108.0,94.2
3.0,50.0,13.0,92.0,109.0,105.4,240.0,24.0,129.0,105.4,1315.0,50.0,109.0,91.9
3.0,46.0,25.0,92.0,110.0,107.2,232.0,24.0,130.0,107.2,944.0,46.0,109.0,92.1
3.0,50.0,14.0,92.0,109.0,112.7,244.0,24.0,103.0,112.7,1413.0,50.0,108.0,91.9
3.0,46.0,26.0,92.0,109.0,110.8,232.0,25.0,118.0,110.8,656.0,46.0,108.0,92.1
3.0,50.0,15.0,92.0,109.0,114.0,236.0,24.0,118.0,114.0,883.0,50.0,108.0,90.9
3.0,46.0,27.0,92.0,109.0,111.4,232.0,25.0,111.0,111.4,831.0,46.0,109.0,92.0
3.0,50.0,16.0,92.0,109.0,111.9,234.0,25.0,101.0,111.9,653.0,50.0,108.0,90.9
3.0,46.0,28.0,92.0,109.0,109.5,47.0,24.0,106.0,109.5,1070.0,46.0,108.0,92.0
3.0,50.0,17.0,92.0,109.0,109.7,259.0,25.0,125.0,109.7,633.0,50.0,109.0,92.3
3.0,46.0,29.0,92.0,109.0,110.4,252.0,26.0,120.0,110.4,1054.0,46.0,109.0,94.7
3.0,50.0,18.0,92.0,109.0,112.3,233.0,24.0,114.0,112.3,720.0,50.0,108.0,92.3
3.0,46.0,30.0,92.0,109.0,106.9,250.0,24.0,129.0,106.9,452.0,46.0,108.0,94.7
3.0,50.0,19.0,92.0,109.0,112.8,248.0,25.0,90.0,112.8,966.0,50.0,109.0,92.8
3.0,46.0,31.0,92.0,109.0,105.5,242.0,25.0,114.0,105.5,450.0,46.0,108.0,95.1
3.0,50.0,20.0,92.0,109.0,113.1,232.0,24.0,117.0,113.1,1330.0,50.0,108.0,92.8
3.0,46.0,32.0,92.0,109.0,108.7,51.0,24.0,111.0,108.7,1627.0,46.0,108.0,95.1
3.0,50.0,21.0,92.0,109.0,114.0,60.0,24.0,133.0,114.0,932.0,50.0,108.0,94.2
3.0,50.0,22.0,92.0,109.0,111.9,231.0,25.0,105.0,111.9,805.0,50.0,109.0,94.2
3.0,50.0,23.0,92.0,109.0,110.2,230.0,24.0,128.0,110.2,1826.0,50.0,108.0,92.9
3.0,46.0,33.0,92.0,109.0,107.8,240.0,24.0,121.0,107.8,1330.0,46.0,109.0,94.6
3.0,50.0,24.0,92.0,109.0,114.0,60.0,25.0,117.0,114.0,1248.0,50.0,108.0,92.9
3.0,46.0,34.0,92.0,109.0,108.4,259.0,24.0,113.0,108.4,535.0,46.0,109.0,94.6
3.0,50.0,25.0,92.0,109.0,112.5,73.0,24.0,114.0,112.5,922.0,50.0,108.0,88.9
3.0,46.0,35.0,92.0,109.0,111.3,236.0,25.0,118.0,111.3,1068.0,46.0,108.0,96.1
3.0,50.0,26.0,92.0,109.0,110.6,249.0,24.0,116.0,110.6,652.0,50.0,107.0,88.9
3.0,46.0,36.0,92.0,109.0,111.8,228.0,24.0,115.0,111.8,1068.0,46.0,109.0,96.1
3.0,50.0,27.0,92.0,109.0,111.1,237.0,24.0,125.0,111.1,902.0,50.0,108.0,88.5
3.0,46.0,37.0,92.0,109.0,112.7,231.0,26.0,121.0,112.7,740.0,46.0,109.0,94.7
3.0,50.0,28.0,92.0,109.0,113.2,245.0,24.0,110.0,113.2,1126.0,50.0,108.0,88.5
3.0,46.0,38.0,92.0,109.0,110.4,235.0,24.0,111.0,110.4,1263.0,46.0,108.0,94.7
3.0,50.0,29.0,92.0,109.0,111.6,238.0,24.0,114.0,111.6,829.0,50.0,109.0,92.9
3.0,46.0,39.0,92.0,109.0,111.3,229.0,24.0,106.0,111.3,792.0,46.0,108.0,91.5
3.0,50.0,30.0,92.0,109.0,112.4,235.0,24.0,120.0,112.4,1439.0,50.0,109.0,92.9
3.0,46.0,40.0,92.0,109.0,112.0,224.0,24.0,117.0,112.0,1124.0,46.0,108.0,91.5
3.0,50.0,31.0,92.0,109.0,112.1,229.0,24.0,118.0,112.1,1159.0,50.0,109.0,90.5
3.0,46.0,41.0,103.0,120.0,105.9,271.0,24.0,122.0,105.9,1350.0,46.0,119.0,93.5
3.0,50.0,32.0,92.0,109.0,112.4,228.0,24.0,119.0,112.4,361.0,50.0,108.0,90.5
3.0,46.0,42.0,92.0,109.0,112.5,261.0,24.0,120.0,112.5,821.0,46.0,109.0,93.5
3.0,50.0,33.0,92.0,109.0,113.2,240.0,24.0,128.0,113.2,1226.0,50.0,109.0,94.9
3.0,46.0,43.0,92.0,109.0,111.5,240.0,24.0,111.0,111.5,913.0,46.0,109.0,92.2
3.0,50.0,34.0,92.0,109.0,108.9,47.0,24.0,123.0,108.9,1049.0,50.0,108.0,94.9
3.0,50.0,35.0,92.0,109.0,112.0,238.0,24.0,109.0,112.0,1507.0,50.0,108.0,92.0
3.0,46.0,44.0,92.0,109.0,108.1,237.0,24.0,110.0,108.1,1611.0,46.0,108.0,92.2
3.0,50.0,36.0,92.0,109.0,110.6,240.0,24.0,107.0,110.6,978.0,50.0,108.0,92.0
3.0,46.0,45.0,92.0,109.0,108.3,237.0,24.0,102.0,108.3,1477.0,46.0,108.0,92.6
3.0,50.0,37.0,92.0,109.0,111.7,243.0,25.0,104.0,111.7,834.0,50.0,109.0,90.7
3.0,46.0,46.0,92.0,109.0,111.8,239.0,24.0,119.0,111.8,1297.0,46.0,109.0,92.6
3.0,50.0,38.0,92.0,109.0,111.8,239.0,24.0,109.0,111.8,766.0,50.0,108.0,90.7
3.0,50.0,39.0,92.0,109.0,112.5,226.0,24.0,107.0,112.5,620.0,50.0,108.0,93.1
3.0,50.0,40.0,92.0,109.0,111.7,229.0,26.0,124.0,111.7,427.0,50.0,109.0,93.1
3.0,50.0,41.0,92.0,109.0,111.5,235.0,24.0,126.0,111.5,603.0,50.0,108.0,89.2
3.0,50.0,42.0,92.0,109.0,110.5,239.0,24.0,100.0,110.5,1126.0,50.0,108.0,89.2
3.0,50.0,43.0,92.0,109.0,109.9,218.0,25.0,110.0,109.9,1282.0,50.0,109.0,94.1
3.0,50.0,44.0,92.0,109.0,110.9,58.0,24.0,109.0,110.9,673.0,50.0,108.0,94.1
3.0,50.0,45.0,92.0,109.0,111.8,225.0,24.0,137.0,111.8,383.0,50.0,108.0,95.9
3.0,50.0,46.0,92.0,109.0,111.6,243.0,24.0,135.0,111.6,1127.0,50.0,109.0,95.9
3.0,50.0,47.0,91.0,109.0,107.9,230.0,24.0,128.0,107.9,734.0,50.0,108.0,94.1
3.0,50.0,48.0,92.0,109.0,112.2,41.0,25.0,123.0,112.2,1012.0,50.0,109.0,94.1
3.0,50.0,49.0,92.0,109.0,111.8,233.0,24.0,108.0,111.8,995.0,50.0,108.0,93.9
3.0,50.0,50.0,92.0,109.0,111.7,240.0,24.0,123.0,111.7,1345.0,50.0,109.0,93.9
3.0,12.0,6.0,96.0,114.0,117.6,15.0,26.0,107.0,117.6,66.0,12.0,113.0,89.0
3.0,12.0,7.0,96.0,114.0,115.0,13.0,32.0,108.0,115.0,60.0,12.0,113.0,92.7
3.0,12.0,8.0,96.0,114.0,116.8,14.0,26.0,108.0,116.8,62.0,12.0,113.0,92.7
3.0,12.0,9.0,96.0,115.0,112.1,11.0,32.0,109.0,112.1,46.0,12.0,115.0,90.8
3.0,12.0,10.0,96.0,114.0,112.2,11.0,32.0,106.0,112.2,56.0,12.0,114.0,90.8
3.0,12.0,11.0,96.0,115.0,110.2,10.0,32.0,105.0,110.2,54.0,12.0,113.0,92.0
3.0,12.0,12.0,96.0,115.0,112.2,12.0,32.0,103.0,112.2,68.0,12.0,114.0,92.0
3.0,12.0,1.0,112.0,131.0,106.3,13.0,32.0,82.0,106.3,42.0,12.0,131.0,89.2
3.0,12.0,2.0,96.0,115.0,108.1,10.0,32.0,98.0,108.1,42.0,12.0,114.0,89.2
3.0,12.0,3.0,96.0,115.0,112.7,14.0,32.0,102.0,112.7,71.0,12.0,113.0,89.0
3.0,12.0,4.0,96.0,115.0,109.2,9.0,32.0,106.0,109.2,34.0,12.0,115.0,89.0
3.0,12.0,5.0,96.0,115.0,114.7,15.0,32.0,103.0,114.7,64.0,12.0,114.0,89.0
3.0,14.0,1.0,86.0,103.0,93.7,228.0,23.0,72.0,93.7,1222.0,14.0,103.0,58.1
3.0,14.0,2.0,82.0,99.0,95.3,59.0,23.0,72.0,95.3,1166.0,14.0,98.0,58.1
3.0,14.0,3.0,82.0,99.0,95.2,39.0,23.0,74.0,95.2,896.0,14.0,99.0,57.1
3.0,14.0,4.0,82.0,99.0,94.4,36.0,23.0,66.0,94.4,1409.0,14.0,99.0,57.1
3.0,14.0,5.0,82.0,99.0,95.0,256.0,23.0,73.0,95.0,1009.0,14.0,99.0,59.2
3.0,14.0,6.0,82.0,99.0,93.5,41.0,23.0,77.0,93.5,734.0,14.0,99.0,59.2
3.0,14.0,7.0,82.0,99.0,93.7,27.0,23.0,74.0,93.7,230.0,14.0,99.0,55.7
3.0,14.0,8.0,84.0,101.0,93.5,218.0,23.0,76.0,93.5,608.0,14.0,101.0,55.7
3.0,14.0,9.0,92.0,109.0,93.5,247.0,23.0,63.0,93.5,849.0,14.0,109.0,55.3
3.0,14.0,10.0,92.0,109.0,93.2,236.0,23.0,62.0,93.2,746.0,14.0,108.0,55.3
3.0,14.0,11.0,86.0,103.0,93.4,234.0,23.0,71.0,93.4,1137.0,14.0,103.0,57.2
3.0,14.0,12.0,82.0,99.0,95.7,212.0,23.0,71.0,95.7,519.0,14.0,99.0,57.2
3.0,14.0,13.0,82.0,99.0,96.1,225.0,23.0,69.0,96.1,811.0,14.0,99.0,56.7
3.0,14.0,14.0,82.0,99.0,94.1,231.0,23.0,69.0,94.1,1452.0,14.0,98.0,56.7
1.0,14.0,1.0,97.0,114.0,93.3,260.0,23.0,59.0,93.3,1383.0,14.0,113.0,54.3
1.0,14.0,2.0,93.0,110.0,93.2,234.0,23.0,73.0,93.2,863.0,14.0,110.0,54.3
1.0,14.0,3.0,89.0,106.0,92.9,45.0,23.0,71.0,92.9,749.0,14.0,105.0,53.1
1.0,14.0,4.0,93.0,110.0,94.2,241.0,23.0,76.0,94.2,338.0,14.0,109.0,53.1
1.0,14.0,5.0,91.0,108.0,93.2,229.0,23.0,68.0,93.2,333.0,14.0,107.0,51.9
1.0,14.0,6.0,90.0,107.0,93.5,30.0,23.0,73.0,93.5,892.0,14.0,106.0,51.9
1.0,14.0,7.0,89.0,106.0,93.5,211.0,23.0,78.0,93.5,498.0,14.0,107.0,52.9
1.0,14.0,8.0,91.0,108.0,93.3,230.0,23.0,66.0,93.3,1099.0,14.0,108.0,52.9
1.0,14.0,9.0,88.0,105.0,93.5,227.0,23.0,65.0,93.5,1710.0,14.0,104.0,54.2
1.0,14.0,10.0,92.0,109.0,93.4,234.0,23.0,66.0,93.4,1457.0,14.0,109.0,54.2
1.0,14.0,11.0,95.0,112.0,92.9,255.0,23.0,73.0,92.9,1235.0,14.0,111.0,54.7
1.0,14.0,12.0,95.0,113.0,93.6,257.0,23.0,74.0,93.6,430.0,14.0,112.0,54.7
1.0,14.0,13.0,88.0,106.0,92.9,223.0,23.0,73.0,92.9,1626.0,14.0,105.0,55.3
1.0,14.0,14.0,95.0,112.0,94.1,245.0,23.0,69.0,94.1,480.0,14.0,112.0,55.3
3.0,20.0,1.0,103.0,126.0,105.2,259.0,20.0,69.0,105.2,1063.0,20.0,126.0,75.4
3.0,20.0,2.0,89.0,105.0,106.4,37.0,20.0,78.0,106.4,700.0,20.0,103.0,75.4
3.0,20.0,3.0,80.0,95.0,107.6,192.0,20.0,90.0,107.6,669.0,20.0,94.0,75.7
3.0,20.0,4.0,80.0,95.0,108.2,204.0,21.0,83.0,108.2,430.0,20.0,95.0,75.7
3.0,20.0,5.0,80.0,95.0,106.5,221.0,20.0,87.0,106.5,1625.0,20.0,94.0,69.2
3.0,20.0,6.0,80.0,95.0,107.6,194.0,20.0,84.0,107.6,1145.0,20.0,95.0,69.2
3.0,20.0,7.0,83.0,99.0,106.8,198.0,21.0,82.0,106.8,327.0,20.0,98.0,71.9
3.0,22.0,1.0,98.0,113.0,106.3,255.0,20.0,71.0,106.3,645.0,22.0,113.0,70.5
3.0,20.0,8.0,80.0,95.0,108.0,202.0,20.0,83.0,108.0,777.0,20.0,94.0,71.9
3.0,22.0,2.0,86.0,101.0,106.1,217.0,20.0,84.0,106.1,509.0,22.0,101.0,70.5
3.0,20.0,9.0,80.0,95.0,106.6,207.0,20.0,83.0,106.6,489.0,20.0,94.0,70.3
3.0,22.0,3.0,82.0,98.0,105.9,211.0,20.0,87.0,105.9,504.0,22.0,97.0,71.9
3.0,20.0,10.0,80.0,95.0,107.2,210.0,20.0,84.0,107.2,666.0,20.0,94.0,70.3
3.0,22.0,4.0,84.0,99.0,105.8,22.0,20.0,87.0,105.8,969.0,22.0,98.0,71.9
3.0,20.0,11.0,80.0,95.0,106.8,191.0,20.0,83.0,106.8,584.0,20.0,94.0,69.0
3.0,20.0,12.0,80.0,95.0,107.1,191.0,20.0,84.0,107.1,427.0,20.0,95.0,69.0
3.0,22.0,5.0,92.0,107.0,105.7,248.0,21.0,84.0,105.7,1600.0,22.0,106.0,70.3
3.0,20.0,13.0,82.0,97.0,106.5,218.0,20.0,86.0,106.5,682.0,20.0,97.0,71.9
3.0,22.0,6.0,85.0,101.0,105.7,215.0,21.0,79.0,105.7,804.0,22.0,100.0,70.3
3.0,20.0,14.0,87.0,102.0,106.0,46.0,20.0,87.0,106.0,586.0,20.0,102.0,71.9
3.0,22.0,7.0,80.0,95.0,105.3,196.0,21.0,86.0,105.3,752.0,22.0,95.0,69.3
3.0,20.0,15.0,81.0,97.0,106.2,220.0,20.0,86.0,106.2,663.0,20.0,95.0,70.7
3.0,22.0,8.0,80.0,95.0,107.6,230.0,20.0,82.0,107.6,1399.0,22.0,95.0,69.3
3.0,20.0,16.0,80.0,95.0,107.2,200.0,20.0,91.0,107.2,673.0,20.0,94.0,70.7
3.0,22.0,9.0,80.0,95.0,107.6,203.0,22.0,86.0,107.6,948.0,22.0,95.0,67.6
3.0,20.0,17.0,82.0,97.0,106.2,219.0,20.0,85.0,106.2,941.0,20.0,97.0,69.3
3.0,22.0,10.0,80.0,95.0,106.2,219.0,21.0,86.0,106.2,610.0,22.0,95.0,67.6
3.0,20.0,18.0,80.0,96.0,106.9,201.0,20.0,88.0,106.9,886.0,20.0,95.0,69.3
3.0,22.0,11.0,80.0,95.0,107.7,10.0,20.0,87.0,107.7,1414.0,22.0,95.0,67.8
3.0,20.0,19.0,80.0,95.0,107.0,205.0,21.0,85.0,107.0,903.0,20.0,95.0,69.4
3.0,22.0,12.0,80.0,95.0,106.4,212.0,20.0,83.0,106.4,872.0,22.0,94.0,67.8
3.0,20.0,20.0,85.0,100.0,105.8,219.0,20.0,88.0,105.8,1399.0,20.0,100.0,69.4
3.0,22.0,13.0,80.0,95.0,107.2,213.0,21.0,80.0,107.2,741.0,22.0,95.0,68.4
3.0,22.0,14.0,80.0,95.0,108.7,13.0,20.0,80.0,108.7,467.0,22.0,95.0,68.4
3.0,22.0,15.0,80.0,95.0,106.2,216.0,20.0,88.0,106.2,867.0,22.0,94.0,67.8
3.0,22.0,16.0,80.0,95.0,106.1,39.0,20.0,90.0,106.1,1263.0,22.0,94.0,67.8
3.0,22.0,17.0,79.0,95.0,109.5,210.0,20.0,83.0,109.5,744.0,22.0,94.0,65.5
3.0,22.0,18.0,80.0,95.0,108.3,203.0,21.0,89.0,108.3,714.0,22.0,95.0,65.5
3.0,22.0,19.0,89.0,104.0,105.6,237.0,20.0,94.0,105.6,1013.0,22.0,104.0,66.3
3.0,22.0,20.0,80.0,95.0,108.0,24.0,20.0,83.0,108.0,1507.0,22.0,94.0,66.3
3.0,22.0,21.0,80.0,95.0,106.2,191.0,21.0,84.0,106.2,654.0,22.0,94.0,64.9
3.0,22.0,22.0,88.0,104.0,106.5,230.0,20.0,90.0,106.5,667.0,22.0,103.0,64.9
3.0,14.0,1.0,102.0,117.0,107.0,105.0,20.0,80.0,107.0,1028.0,14.0,117.0,69.5
3.0,14.0,2.0,85.0,100.0,105.7,230.0,20.0,85.0,105.7,834.0,14.0,100.0,69.5
3.0,14.0,3.0,86.0,102.0,105.0,255.0,20.0,81.0,105.0,1106.0,14.0,101.0,74.2
3.0,14.0,4.0,88.0,104.0,104.9,219.0,21.0,86.0,104.9,693.0,14.0,103.0,74.2
3.0,14.0,5.0,89.0,104.0,106.1,51.0,20.0,100.0,106.1,1327.0,14.0,104.0,74.1
3.0,14.0,6.0,80.0,95.0,105.8,203.0,20.0,86.0,105.8,1199.0,14.0,95.0,74.1
3.0,14.0,7.0,80.0,95.0,106.6,206.0,20.0,92.0,106.6,568.0,14.0,94.0,74.5
3.0,14.0,8.0,80.0,95.0,107.0,22.0,21.0,92.0,107.0,715.0,14.0,95.0,74.5
3.0,14.0,9.0,80.0,95.0,106.4,205.0,20.0,86.0,106.4,367.0,14.0,95.0,73.7
3.0,14.0,10.0,85.0,100.0,105.5,219.0,20.0,86.0,105.5,517.0,14.0,99.0,73.7
3.0,14.0,11.0,84.0,99.0,105.8,220.0,21.0,90.0,105.8,1351.0,14.0,99.0,72.6
3.0,14.0,12.0,86.0,101.0,106.8,245.0,20.0,84.0,106.8,705.0,14.0,99.0,72.6
3.0,14.0,13.0,87.0,103.0,106.2,247.0,20.0,87.0,106.2,1046.0,14.0,101.0,73.5
3.0,14.0,14.0,80.0,95.0,106.0,226.0,20.0,84.0,106.0,1031.0,14.0,93.0,73.5
3.0,42.0,1.0,68.0,85.0,92.7,4.0,21.0,90.0,92.7,13.0,42.0,84.0,60.2
3.0,42.0,2.0,73.0,90.0,92.9,4.0,21.0,84.0,92.9,12.0,42.0,88.0,60.2
3.0,42.0,3.0,75.0,91.0,93.0,4.0,21.0,86.0,93.0,10.0,42.0,91.0,61.0
3.0,42.0,4.0,71.0,87.0,93.1,4.0,21.0,86.0,93.1,11.0,42.0,86.0,61.0
3.0,42.0,5.0,72.0,89.0,92.8,4.0,21.0,86.0,92.8,11.0,42.0,88.0,61.5
3.0,42.0,6.0,73.0,90.0,93.1,4.0,21.0,86.0,93.1,10.0,42.0,89.0,61.5
3.0,42.0,7.0,73.0,90.0,93.0,4.0,21.0,86.0,93.0,10.0,42.0,89.0,63.2
3.0,42.0,8.0,73.0,90.0,92.8,3.0,21.0,86.0,92.8,9.0,42.0,89.0,63.2
3.0,42.0,9.0,75.0,92.0,92.8,4.0,22.0,86.0,92.8,10.0,42.0,92.0,62.9
3.0,42.0,10.0,76.0,93.0,93.3,4.0,21.0,85.0,93.3,9.0,42.0,93.0,62.9
3.0,42.0,11.0,79.0,96.0,93.1,4.0,21.0,80.0,93.1,10.0,42.0,95.0,63.3
3.0,42.0,12.0,76.0,93.0,92.8,4.0,21.0,82.0,92.8,13.0,42.0,92.0,63.3
3.0,42.0,13.0,75.0,92.0,92.9,4.0,22.0,84.0,92.9,10.0,42.0,91.0,60.6
3.0,42.0,14.0,72.0,89.0,92.9,5.0,21.0,85.0,92.9,13.0,42.0,88.0,60.6
3.0,42.0,15.0,75.0,91.0,92.5,5.0,21.0,85.0,92.5,12.0,42.0,90.0,61.2
3.0,42.0,16.0,73.0,89.0,92.8,4.0,22.0,85.0,92.8,14.0,42.0,90.0,61.2
3.0,42.0,17.0,77.0,94.0,92.8,5.0,21.0,85.0,92.8,12.0,42.0,94.0,61.8
3.0,42.0,18.0,75.0,92.0,92.9,5.0,21.0,85.0,92.9,10.0,42.0,92.0,61.8
3.0,42.0,19.0,76.0,93.0,92.8,5.0,22.0,85.0,92.8,12.0,42.0,92.0,61.6
3.0,42.0,20.0,81.0,98.0,92.9,4.0,21.0,84.0,92.9,11.0,42.0,99.0,61.6
3.0,42.0,21.0,78.0,95.0,92.8,4.0,22.0,84.0,92.8,9.0,42.0,95.0,62.6
3.0,42.0,22.0,75.0,92.0,93.0,3.0,21.0,85.0,93.0,10.0,42.0,91.0,62.6
3.0,42.0,23.0,75.0,92.0,92.8,3.0,21.0,84.0,92.8,9.0,42.0,91.0,60.8
3.0,42.0,24.0,76.0,93.0,92.9,3.0,21.0,84.0,92.9,9.0,42.0,92.0,60.8
3.0,42.0,25.0,80.0,96.0,92.7,4.0,22.0,84.0,92.7,12.0,42.0,95.0,59.3
3.0,42.0,26.0,79.0,95.0,92.6,3.0,21.0,84.0,92.6,8.0,42.0,94.0,59.3
3.0,42.0,27.0,78.0,95.0,92.6,6.0,21.0,85.0,92.6,18.0,42.0,94.0,59.5
3.0,42.0,28.0,81.0,98.0,93.1,6.0,22.0,84.0,93.1,11.0,42.0,98.0,59.5
3.0,42.0,29.0,81.0,98.0,92.7,5.0,21.0,85.0,92.7,14.0,42.0,97.0,59.4
3.0,42.0,30.0,78.0,95.0,92.5,6.0,21.0,85.0,92.5,15.0,42.0,95.0,59.4
3.0,42.0,31.0,75.0,91.0,92.3,6.0,21.0,84.0,92.3,18.0,42.0,91.0,59.5
3.0,42.0,32.0,76.0,93.0,92.4,6.0,21.0,84.0,92.4,16.0,42.0,93.0,59.5
3.0,42.0,33.0,75.0,92.0,92.5,5.0,21.0,84.0,92.5,12.0,42.0,92.0,62.0
3.0,42.0,34.0,75.0,92.0,93.0,6.0,21.0,85.0,93.0,16.0,42.0,92.0,62.0
3.0,42.0,35.0,73.0,90.0,92.5,6.0,21.0,85.0,92.5,12.0,42.0,89.0,60.8
3.0,42.0,36.0,77.0,94.0,92.8,7.0,21.0,84.0,92.8,15.0,42.0,93.0,60.8
3.0,42.0,37.0,78.0,95.0,92.8,6.0,21.0,85.0,92.8,18.0,42.0,95.0,61.6
3.0,42.0,38.0,76.0,93.0,92.6,6.0,21.0,85.0,92.6,20.0,42.0,92.0,61.6
3.0,42.0,39.0,80.0,96.0,92.6,7.0,21.0,83.0,92.6,20.0,42.0,96.0,62.4
3.0,42.0,40.0,76.0,92.0,92.6,6.0,21.0,84.0,92.6,15.0,42.0,92.0,62.4
3.0,42.0,41.0,74.0,91.0,92.7,7.0,22.0,84.0,92.7,20.0,42.0,91.0,58.5
3.0,42.0,42.0,72.0,89.0,92.7,6.0,21.0,85.0,92.7,15.0,42.0,88.0,58.5
1.0,56.0,1.0,89.0,102.0,107.2,38.0,31.0,95.0,107.2,128.0,56.0,103.0,53.5
1.0,56.0,2.0,89.0,102.0,110.2,39.0,30.0,102.0,110.2,122.0,56.0,102.0,53.5
1.0,56.0,3.0,89.0,102.0,110.3,40.0,30.0,105.0,110.3,127.0,56.0,101.0,48.4
1.0,56.0,4.0,89.0,102.0,110.0,38.0,31.0,105.0,110.0,116.0,56.0,102.0,48.4
1.0,56.0,5.0,89.0,102.0,111.5,40.0,31.0,102.0,111.5,113.0,56.0,102.0,51.1
1.0,56.0,6.0,89.0,102.0,111.5,39.0,32.0,104.0,111.5,122.0,56.0,103.0,51.1
1.0,56.0,7.0,89.0,102.0,110.3,40.0,32.0,105.0,110.3,123.0,56.0,102.0,59.0
1.0,56.0,8.0,89.0,102.0,109.1,38.0,32.0,104.0,109.1,135.0,56.0,101.0,59.0
1.0,56.0,9.0,89.0,102.0,112.4,40.0,28.0,106.0,112.4,126.0,56.0,101.0,59.2
1.0,56.0,10.0,89.0,102.0,112.1,40.0,31.0,106.0,112.1,131.0,56.0,101.0,59.2
1.0,56.0,11.0,89.0,102.0,112.2,40.0,28.0,107.0,112.2,130.0,56.0,101.0,58.2
1.0,56.0,12.0,89.0,102.0,111.8,38.0,30.0,104.0,111.8,128.0,56.0,102.0,58.2
1.0,56.0,13.0,89.0,102.0,113.0,39.0,32.0,106.0,113.0,125.0,56.0,102.0,57.7
1.0,56.0,14.0,89.0,102.0,111.9,39.0,31.0,108.0,111.9,133.0,56.0,101.0,57.7
1.0,56.0,15.0,89.0,102.0,110.8,38.0,32.0,107.0,110.8,131.0,56.0,102.0,58.9
1.0,56.0,16.0,89.0,102.0,110.5,36.0,31.0,106.0,110.5,136.0,56.0,102.0,58.9
1.0,56.0,17.0,89.0,102.0,111.3,39.0,31.0,106.0,111.3,136.0,56.0,101.0,58.8
1.0,56.0,18.0,89.0,102.0,111.9,39.0,32.0,107.0,111.9,128.0,56.0,102.0,58.8
1.0,56.0,19.0,89.0,102.0,113.2,39.0,31.0,108.0,113.2,126.0,56.0,102.0,59.3
1.0,56.0,20.0,89.0,102.0,112.2,40.0,32.0,107.0,112.2,134.0,56.0,103.0,59.3
1.0,56.0,21.0,89.0,102.0,111.9,39.0,31.0,106.0,111.9,134.0,56.0,102.0,59.1
1.0,56.0,22.0,89.0,102.0,113.2,40.0,31.0,108.0,113.2,131.0,56.0,103.0,59.1
1.0,56.0,23.0,89.0,102.0,112.8,39.0,32.0,106.0,112.8,132.0,56.0,102.0,59.9
1.0,56.0,24.0,89.0,102.0,111.9,39.0,31.0,108.0,111.9,134.0,56.0,102.0,59.9
1.0,56.0,25.0,89.0,102.0,112.9,40.0,32.0,105.0,112.9,128.0,56.0,102.0,59.2
1.0,56.0,26.0,89.0,102.0,110.6,38.0,30.0,106.0,110.6,135.0,56.0,102.0,59.2
1.0,56.0,27.0,89.0,102.0,112.5,40.0,28.0,107.0,112.5,135.0,56.0,116.0,59.9
1.0,56.0,28.0,89.0,102.0,108.2,38.0,31.0,107.0,108.2,140.0,56.0,101.0,59.9
1.0,56.0,29.0,89.0,102.0,111.3,39.0,32.0,106.0,111.3,136.0,56.0,102.0,59.8
1.0,56.0,30.0,89.0,102.0,113.5,39.0,31.0,106.0,113.5,132.0,56.0,102.0,59.8
1.0,56.0,31.0,89.0,102.0,112.4,38.0,31.0,107.0,112.4,134.0,56.0,102.0,59.6
1.0,56.0,32.0,89.0,102.0,113.6,39.0,31.0,106.0,113.6,131.0,56.0,101.0,59.6
1.0,56.0,33.0,89.0,102.0,112.3,39.0,32.0,108.0,112.3,134.0,56.0,102.0,59.5
1.0,56.0,34.0,89.0,102.0,112.4,39.0,31.0,107.0,112.4,130.0,56.0,101.0,59.5
1.0,56.0,35.0,89.0,102.0,111.5,38.0,28.0,107.0,111.5,137.0,56.0,118.0,62.0
1.0,56.0,36.0,89.0,102.0,111.2,39.0,31.0,105.0,111.2,137.0,56.0,101.0,62.0
1.0,56.0,37.0,89.0,102.0,111.6,39.0,32.0,104.0,111.6,139.0,56.0,103.0,59.6
1.0,56.0,38.0,89.0,102.0,110.5,40.0,32.0,106.0,110.5,137.0,56.0,102.0,59.6
1.0,56.0,39.0,89.0,102.0,109.9,38.0,30.0,107.0,109.9,140.0,56.0,101.0,59.4
1.0,56.0,40.0,89.0,102.0,111.7,39.0,30.0,104.0,111.7,146.0,56.0,102.0,59.4
1.0,56.0,41.0,89.0,102.0,111.3,40.0,31.0,108.0,111.3,136.0,56.0,101.0,60.5
1.0,56.0,42.0,89.0,102.0,112.5,40.0,32.0,105.0,112.5,136.0,56.0,102.0,60.5
1.0,56.0,43.0,89.0,102.0,112.5,40.0,31.0,108.0,112.5,139.0,56.0,102.0,62.8
1.0,56.0,44.0,89.0,102.0,110.5,39.0,31.0,106.0,110.5,140.0,56.0,102.0,62.8
1.0,56.0,45.0,89.0,102.0,109.6,38.0,28.0,107.0,109.6,143.0,56.0,102.0,60.1
1.0,32.0,1.0,94.0,109.0,109.8,20.0,30.0,73.0,109.8,74.0,32.0,109.0,58.8
1.0,32.0,2.0,94.0,109.0,114.6,21.0,30.0,92.0,114.6,66.0,32.0,108.0,58.8
1.0,32.0,3.0,94.0,114.0,114.6,21.0,30.0,105.0,114.6,66.0,32.0,114.0,58.2
1.0,32.0,4.0,94.0,112.0,117.6,21.0,31.0,106.0,117.6,66.0,32.0,112.0,58.2
1.0,32.0,5.0,94.0,112.0,118.0,21.0,30.0,107.0,118.0,66.0,32.0,111.0,63.9
1.0,32.0,6.0,94.0,113.0,118.0,21.0,30.0,105.0,118.0,66.0,32.0,113.0,63.9
1.0,32.0,7.0,94.0,108.0,118.0,21.0,30.0,107.0,118.0,66.0,32.0,107.0,61.8
1.0,32.0,8.0,94.0,114.0,115.8,20.0,30.0,109.0,115.8,67.0,32.0,115.0,61.8
1.0,32.0,9.0,94.0,112.0,117.6,21.0,30.0,103.0,117.6,60.0,32.0,111.0,59.7
1.0,32.0,10.0,94.0,109.0,114.5,18.0,31.0,106.0,114.5,64.0,32.0,108.0,59.7
1.0,32.0,11.0,94.0,112.0,118.0,20.0,30.0,107.0,118.0,73.0,32.0,112.0,59.1
1.0,32.0,12.0,94.0,109.0,115.2,19.0,30.0,107.0,115.2,66.0,32.0,107.0,59.1
1.0,32.0,13.0,94.0,109.0,115.6,19.0,30.0,107.0,115.6,72.0,32.0,108.0,59.7
1.0,32.0,14.0,94.0,109.0,113.1,21.0,30.0,109.0,113.1,66.0,32.0,108.0,59.7
1.0,32.0,14.0,94.0,109.0,113.1,21.0,30.0,109.0,113.1,66.0,32.0,108.0,64.3
1.0,32.0,15.0,94.0,112.0,117.0,20.0,31.0,112.0,117.0,74.0,32.0,112.0,58.8
1.0,32.0,15.0,94.0,112.0,117.0,20.0,31.0,112.0,117.0,74.0,32.0,112.0,62.4
1.0,32.0,16.0,94.0,109.0,112.8,19.0,30.0,108.0,112.8,74.0,32.0,108.0,58.8
1.0,32.0,16.0,94.0,109.0,112.8,19.0,30.0,108.0,112.8,74.0,32.0,108.0,62.4
1.0,32.0,17.0,94.0,109.0,115.5,20.0,30.0,104.0,115.5,72.0,32.0,108.0,60.4
1.0,32.0,17.0,94.0,109.0,115.5,20.0,30.0,104.0,115.5,72.0,32.0,108.0,63.7
1.0,32.0,18.0,94.0,109.0,115.2,18.0,30.0,110.0,115.2,78.0,32.0,108.0,60.4
1.0,32.0,18.0,94.0,109.0,115.2,18.0,30.0,110.0,115.2,78.0,32.0,108.0,63.7
1.0,32.0,19.0,94.0,109.0,114.9,18.0,30.0,107.0,114.9,62.0,32.0,109.0,62.8
1.0,32.0,19.0,94.0,109.0,114.9,18.0,30.0,107.0,114.9,62.0,32.0,109.0,60.5
1.0,32.0,20.0,94.0,109.0,114.0,17.0,30.0,107.0,114.0,70.0,32.0,109.0,62.8
1.0,32.0,20.0,94.0,109.0,114.0,17.0,30.0,107.0,114.0,70.0,32.0,109.0,60.5
1.0,32.0,21.0,94.0,109.0,115.6,18.0,30.0,103.0,115.6,73.0,32.0,108.0,66.0
1.0,32.0,21.0,94.0,109.0,115.6,18.0,30.0,103.0,115.6,73.0,32.0,108.0,60.7
1.0,32.0,22.0,94.0,112.0,117.5,19.0,30.0,109.0,117.5,61.0,32.0,111.0,66.0
1.0,32.0,22.0,94.0,112.0,117.5,19.0,30.0,109.0,117.5,61.0,32.0,111.0,60.7
1.0,32.0,23.0,94.0,109.0,115.2,17.0,30.0,109.0,115.2,79.0,32.0,109.0,65.8
1.0,32.0,23.0,94.0,109.0,115.2,17.0,30.0,109.0,115.2,79.0,32.0,109.0,61.8
1.0,32.0,24.0,94.0,109.0,115.1,18.0,30.0,109.0,115.1,65.0,32.0,108.0,65.8
1.0,32.0,24.0,94.0,109.0,115.1,18.0,30.0,109.0,115.1,65.0,32.0,108.0,61.8
1.0,32.0,25.0,94.0,109.0,116.3,18.0,30.0,108.0,116.3,75.0,32.0,109.0,59.8
1.0,32.0,25.0,94.0,109.0,116.3,18.0,30.0,108.0,116.3,75.0,32.0,109.0,66.0
1.0,32.0,26.0,94.0,112.0,118.1,20.0,30.0,110.0,118.1,60.0,32.0,111.0,59.8
1.0,32.0,26.0,94.0,112.0,118.1,20.0,30.0,110.0,118.1,60.0,32.0,111.0,66.0
1.0,32.0,27.0,94.0,109.0,113.2,18.0,32.0,108.0,113.2,66.0,32.0,108.0,63.1
1.0,32.0,27.0,94.0,109.0,113.2,18.0,32.0,108.0,113.2,66.0,32.0,108.0,65.8
1.0,32.0,28.0,94.0,109.0,114.8,18.0,30.0,106.0,114.8,72.0,32.0,109.0,63.1
1.0,32.0,28.0,94.0,109.0,114.8,18.0,30.0,106.0,114.8,72.0,32.0,109.0,65.8
1.0,32.0,29.0,94.0,109.0,115.0,17.0,30.0,107.0,115.0,68.0,32.0,108.0,63.1
1.0,32.0,29.0,94.0,109.0,115.0,17.0,30.0,107.0,115.0,68.0,32.0,108.0,65.6
3.0,42.0,1.0,94.0,109.0,113.1,19.0,30.0,84.0,113.1,74.0,42.0,107.0,58.8
3.0,42.0,1.0,94.0,109.0,113.1,19.0,30.0,84.0,113.1,74.0,42.0,107.0,63.1
3.0,42.0,2.0,94.0,109.0,114.0,18.0,30.0,103.0,114.0,76.0,42.0,108.0,58.8
3.0,42.0,2.0,94.0,109.0,114.0,18.0,30.0,103.0,114.0,76.0,42.0,108.0,63.1
3.0,42.0,3.0,94.0,109.0,115.3,19.0,31.0,102.0,115.3,74.0,42.0,108.0,58.2
3.0,42.0,3.0,94.0,109.0,115.3,19.0,31.0,102.0,115.3,74.0,42.0,108.0,63.6
3.0,42.0,4.0,94.0,114.0,115.3,19.0,30.0,106.0,115.3,74.0,42.0,114.0,58.2
3.0,42.0,4.0,94.0,114.0,115.3,19.0,30.0,106.0,115.3,74.0,42.0,114.0,63.6
3.0,42.0,5.0,94.0,112.0,116.7,20.0,31.0,104.0,116.7,67.0,42.0,111.0,63.9
3.0,42.0,5.0,94.0,112.0,116.7,20.0,31.0,104.0,116.7,67.0,42.0,111.0,64.3
3.0,42.0,6.0,94.0,112.0,118.0,21.0,30.0,106.0,118.0,74.0,42.0,111.0,63.9
3.0,42.0,6.0,94.0,112.0,118.0,21.0,30.0,106.0,118.0,74.0,42.0,111.0,64.3
3.0,42.0,7.0,94.0,109.0,115.2,19.0,30.0,109.0,115.2,67.0,42.0,108.0,61.8
3.0,42.0,7.0,94.0,109.0,115.2,19.0,30.0,109.0,115.2,67.0,42.0,108.0,62.3
3.0,42.0,8.0,94.0,112.0,117.0,20.0,30.0,110.0,117.0,71.0,42.0,111.0,61.8
3.0,42.0,8.0,94.0,112.0,117.0,20.0,30.0,110.0,117.0,71.0,42.0,111.0,62.3
3.0,42.0,9.0,94.0,109.0,116.3,18.0,30.0,108.0,116.3,68.0,42.0,109.0,59.7
3.0,42.0,9.0,94.0,109.0,116.3,18.0,30.0,108.0,116.3,68.0,42.0,109.0,62.7
3.0,42.0,10.0,94.0,109.0,113.8,17.0,30.0,109.0,113.8,63.0,42.0,107.0,59.7
3.0,42.0,10.0,94.0,109.0,113.8,17.0,30.0,109.0,113.8,63.0,42.0,107.0,62.7
3.0,42.0,11.0,94.0,109.0,115.6,18.0,30.0,107.0,115.6,71.0,42.0,109.0,59.1
3.0,42.0,11.0,94.0,109.0,115.6,18.0,30.0,107.0,115.6,71.0,42.0,109.0,61.9
3.0,42.0,12.0,94.0,109.0,115.8,19.0,30.0,108.0,115.8,69.0,42.0,108.0,59.1
3.0,42.0,12.0,94.0,109.0,115.8,19.0,30.0,108.0,115.8,69.0,42.0,108.0,61.9
3.0,42.0,13.0,94.0,113.0,116.3,18.0,30.0,108.0,116.3,69.0,42.0,112.0,59.7
3.0,42.0,13.0,94.0,113.0,116.3,18.0,30.0,108.0,116.3,69.0,42.0,112.0,64.3
3.0,42.0,14.0,94.0,109.0,114.7,18.0,30.0,108.0,114.7,79.0,42.0,108.0,59.7
3.0,42.0,14.0,94.0,109.0,114.7,18.0,30.0,108.0,114.7,79.0,42.0,108.0,64.3
3.0,42.0,15.0,94.0,113.0,116.2,19.0,32.0,112.0,116.2,69.0,42.0,113.0,58.8
3.0,42.0,15.0,94.0,113.0,116.2,19.0,32.0,112.0,116.2,69.0,42.0,113.0,62.4
3.0,42.0,16.0,94.0,109.0,115.8,20.0,30.0,109.0,115.8,55.0,42.0,108.0,58.8
3.0,42.0,16.0,94.0,109.0,115.8,20.0,30.0,109.0,115.8,55.0,42.0,108.0,62.4
3.0,42.0,17.0,94.0,112.0,115.8,20.0,30.0,110.0,115.8,55.0,42.0,112.0,60.4
3.0,42.0,17.0,94.0,112.0,115.8,20.0,30.0,110.0,115.8,55.0,42.0,112.0,63.7
3.0,42.0,18.0,94.0,109.0,114.0,18.0,30.0,107.0,114.0,69.0,42.0,109.0,60.4
3.0,42.0,18.0,94.0,109.0,114.0,18.0,30.0,107.0,114.0,69.0,42.0,109.0,63.7
3.0,42.0,19.0,94.0,114.0,116.2,19.0,30.0,106.0,116.2,74.0,42.0,113.0,62.8
3.0,42.0,19.0,94.0,114.0,116.2,19.0,30.0,106.0,116.2,74.0,42.0,113.0,60.5
3.0,42.0,20.0,94.0,112.0,116.8,19.0,30.0,108.0,116.8,62.0,42.0,111.0,62.8
3.0,42.0,20.0,94.0,112.0,116.8,19.0,30.0,108.0,116.8,62.0,42.0,111.0,60.5
3.0,42.0,21.0,94.0,109.0,115.2,19.0,30.0,107.0,115.2,57.0,42.0,108.0,66.0
3.0,42.0,21.0,94.0,109.0,115.2,19.0,30.0,107.0,115.2,57.0,42.0,108.0,60.7
3.0,42.0,22.0,94.0,112.0,117.5,20.0,30.0,109.0,117.5,57.0,42.0,112.0,66.0
3.0,42.0,22.0,94.0,112.0,117.5,20.0,30.0,109.0,117.5,57.0,42.0,112.0,60.7
3.0,42.0,23.0,94.0,112.0,117.2,19.0,30.0,109.0,117.2,71.0,42.0,111.0,65.8
3.0,42.0,23.0,94.0,112.0,117.2,19.0,30.0,109.0,117.2,71.0,42.0,111.0,61.8
3.0,42.0,24.0,94.0,109.0,114.0,16.0,30.0,107.0,114.0,77.0,42.0,108.0,65.8
3.0,42.0,24.0,94.0,109.0,114.0,16.0,30.0,107.0,114.0,77.0,42.0,108.0,61.8
3.0,42.0,25.0,94.0,112.0,117.2,19.0,30.0,107.0,117.2,57.0,42.0,111.0,59.8
3.0,42.0,25.0,94.0,112.0,117.2,19.0,30.0,107.0,117.2,57.0,42.0,111.0,66.0
3.0,42.0,26.0,94.0,113.0,116.3,20.0,30.0,106.0,116.3,61.0,42.0,112.0,59.8
3.0,42.0,26.0,94.0,113.0,116.3,20.0,30.0,106.0,116.3,61.0,42.0,112.0,66.0
3.0,42.0,27.0,94.0,109.0,115.6,19.0,31.0,107.0,115.6,55.0,42.0,108.0,63.1
3.0,42.0,27.0,94.0,109.0,115.6,19.0,31.0,107.0,115.6,55.0,42.0,108.0,65.8
3.0,42.0,28.0,94.0,112.0,117.6,19.0,30.0,110.0,117.6,68.0,42.0,111.0,63.1
3.0,42.0,28.0,94.0,112.0,117.6,19.0,30.0,110.0,117.6,68.0,42.0,111.0,65.8
3.0,42.0,29.0,94.0,112.0,117.3,17.0,32.0,109.0,117.3,65.0,42.0,112.0,63.1
3.0,42.0,29.0,94.0,112.0,117.3,17.0,32.0,109.0,117.3,65.0,42.0,112.0,65.6
3.0,42.0,30.0,94.0,114.0,116.2,18.0,30.0,108.0,116.2,74.0,42.0,114.0,65.6
3.0,42.0,31.0,94.0,112.0,116.6,19.0,30.0,108.0,116.6,72.0,42.0,112.0,63.7
3.0,42.0,32.0,94.0,113.0,116.3,18.0,30.0,106.0,116.3,77.0,42.0,112.0,63.7
3.0,42.0,33.0,94.0,109.0,115.6,18.0,30.0,107.0,115.6,69.0,42.0,108.0,62.2
3.0,42.0,34.0,94.0,109.0,116.2,19.0,30.0,108.0,116.2,75.0,42.0,108.0,62.2
3.0,42.0,35.0,94.0,112.0,116.4,19.0,30.0,110.0,116.4,81.0,42.0,111.0,61.6
3.0,42.0,36.0,94.0,109.0,114.8,18.0,30.0,107.0,114.8,80.0,42.0,109.0,61.6
3.0,42.0,37.0,94.0,109.0,114.0,18.0,30.0,108.0,114.0,64.0,42.0,107.0,62.7
3.0,42.0,38.0,94.0,112.0,117.0,17.0,30.0,107.0,117.0,79.0,42.0,110.0,62.7
3.0,42.0,39.0,94.0,109.0,111.9,17.0,30.0,75.0,111.9,72.0,42.0,108.0,62.8
3.0,42.0,40.0,94.0,109.0,115.5,19.0,30.0,103.0,115.5,74.0,42.0,108.0,62.8
3.0,44.0,1.0,94.0,109.0,112.3,16.0,30.0,85.0,112.3,53.0,44.0,108.0,62.9
3.0,44.0,2.0,94.0,109.0,111.9,14.0,30.0,106.0,111.9,53.0,44.0,108.0,62.9
3.0,44.0,3.0,94.0,109.0,113.5,16.0,30.0,106.0,113.5,47.0,44.0,108.0,65.3
3.0,44.0,4.0,94.0,109.0,115.0,17.0,31.0,106.0,115.0,61.0,44.0,108.0,65.3
3.0,44.0,5.0,94.0,109.0,115.5,16.0,30.0,108.0,115.5,50.0,44.0,109.0,62.1
3.0,44.0,6.0,94.0,112.0,117.5,17.0,30.0,107.0,117.5,56.0,44.0,110.0,62.1
3.0,44.0,7.0,94.0,109.0,114.4,15.0,30.0,109.0,114.4,61.0,44.0,108.0,61.9
3.0,44.0,8.0,94.0,114.0,116.1,16.0,30.0,109.0,116.1,58.0,44.0,113.0,61.9
3.0,44.0,9.0,94.0,109.0,115.5,16.0,31.0,105.0,115.5,61.0,44.0,109.0,60.0
3.0,44.0,10.0,94.0,109.0,115.8,16.0,30.0,109.0,115.8,59.0,44.0,107.0,60.0
3.0,44.0,11.0,94.0,114.0,116.2,17.0,30.0,104.0,116.2,55.0,44.0,113.0,59.7
3.0,44.0,12.0,94.0,109.0,115.0,15.0,31.0,106.0,115.0,63.0,44.0,109.0,59.7
3.0,44.0,13.0,94.0,112.0,116.4,16.0,30.0,110.0,116.4,58.0,44.0,112.0,58.4
3.0,44.0,14.0,94.0,109.0,115.7,16.0,29.0,109.0,115.7,63.0,44.0,107.0,58.4
3.0,44.0,15.0,94.0,112.0,115.7,16.0,30.0,108.0,115.7,63.0,44.0,111.0,60.5
3.0,44.0,16.0,94.0,109.0,115.6,17.0,29.0,109.0,115.6,64.0,44.0,108.0,60.5
3.0,44.0,17.0,94.0,109.0,113.0,15.0,30.0,111.0,113.0,65.0,44.0,108.0,63.8
3.0,44.0,18.0,94.0,101.0,113.0,15.0,30.0,110.0,113.0,65.0,44.0,100.0,63.8
3.0,44.0,19.0,94.0,107.0,113.0,15.0,29.0,109.0,113.0,65.0,44.0,106.0,59.7
3.0,44.0,20.0,94.0,112.0,116.6,15.0,29.0,111.0,116.6,52.0,44.0,111.0,59.7
3.0,44.0,21.0,94.0,109.0,116.6,15.0,29.0,109.0,116.6,52.0,44.0,108.0,63.8
3.0,44.0,22.0,94.0,106.0,116.6,15.0,29.0,111.0,116.6,52.0,44.0,105.0,63.8
3.0,44.0,23.0,94.0,108.0,116.6,15.0,29.0,111.0,116.6,52.0,44.0,109.0,59.7
3.0,44.0,24.0,94.0,109.0,115.9,14.0,30.0,109.0,115.9,61.0,44.0,109.0,59.7
3.0,44.0,25.0,94.0,103.0,115.9,14.0,30.0,111.0,115.9,61.0,44.0,102.0,59.4
3.0,44.0,26.0,94.0,109.0,115.3,14.0,31.0,109.0,115.3,63.0,44.0,109.0,59.4
3.0,44.0,27.0,94.0,109.0,115.8,14.0,29.0,111.0,115.8,57.0,44.0,108.0,61.5
3.0,44.0,28.0,94.0,113.0,115.8,14.0,30.0,110.0,115.8,57.0,44.0,112.0,61.5
3.0,44.0,29.0,94.0,109.0,115.8,14.0,31.0,109.0,115.8,57.0,44.0,108.0,62.0
3.0,44.0,30.0,94.0,112.0,116.6,15.0,29.0,112.0,116.6,47.0,44.0,111.0,62.0
3.0,44.0,31.0,94.0,112.0,116.5,15.0,29.0,110.0,116.5,42.0,44.0,111.0,60.6
3.0,44.0,32.0,94.0,112.0,116.5,15.0,30.0,107.0,116.5,42.0,44.0,112.0,60.6
3.0,44.0,33.0,94.0,109.0,114.2,14.0,29.0,111.0,114.2,45.0,44.0,108.0,61.7
3.0,44.0,34.0,94.0,109.0,115.8,15.0,30.0,109.0,115.8,58.0,44.0,109.0,61.7
3.0,44.0,35.0,94.0,109.0,115.3,15.0,30.0,111.0,115.3,62.0,44.0,108.0,60.4
3.0,44.0,36.0,94.0,109.0,115.2,15.0,29.0,111.0,115.2,59.0,44.0,108.0,60.4
3.0,44.0,37.0,94.0,109.0,115.1,16.0,31.0,109.0,115.1,61.0,44.0,109.0,59.4
3.0,44.0,38.0,94.0,109.0,115.0,14.0,29.0,106.0,115.0,60.0,44.0,107.0,59.4
3.0,44.0,39.0,94.0,109.0,116.1,14.0,30.0,110.0,116.1,51.0,44.0,108.0,61.3
3.0,44.0,40.0,94.0,112.0,117.3,15.0,30.0,109.0,117.3,60.0,44.0,113.0,61.3
3.0,44.0,41.0,94.0,109.0,115.3,14.0,29.0,111.0,115.3,51.0,44.0,108.0,61.1
3.0,44.0,42.0,94.0,109.0,115.0,14.0,29.0,112.0,115.0,57.0,44.0,108.0,61.1
3.0,44.0,43.0,94.0,112.0,116.6,15.0,30.0,107.0,116.6,55.0,44.0,111.0,62.5
3.0,44.0,44.0,94.0,109.0,115.8,14.0,29.0,111.0,115.8,46.0,44.0,108.0,62.5
3.0,30.0,1.0,72.0,118.0,92.7,6.0,32.0,76.0,92.7,15.0,30.0,118.0,57.4
3.0,30.0,2.0,72.0,116.0,92.7,6.0,32.0,105.0,92.7,15.0,30.0,115.0,57.4
3.0,30.0,3.0,72.0,114.0,92.7,6.0,32.0,103.0,92.7,15.0,30.0,113.0,57.6
3.0,30.0,4.0,72.0,118.0,92.7,6.0,32.0,107.0,92.7,15.0,30.0,117.0,57.6
3.0,30.0,5.0,98.0,116.0,119.3,10.0,32.0,107.0,119.3,31.0,30.0,116.0,56.5
3.0,30.0,6.0,98.0,117.0,119.3,10.0,32.0,109.0,119.3,31.0,30.0,118.0,56.5
3.0,30.0,7.0,98.0,115.0,119.3,10.0,32.0,108.0,119.3,31.0,30.0,116.0,57.5
3.0,30.0,8.0,98.0,114.0,119.3,10.0,32.0,110.0,119.3,31.0,30.0,113.0,57.5
3.0,30.0,9.0,98.0,116.0,120.0,11.0,32.0,108.0,120.0,38.0,30.0,116.0,59.3
3.0,30.0,10.0,98.0,116.0,118.6,17.0,36.0,109.0,118.6,61.0,30.0,115.0,59.3
3.0,30.0,11.0,98.0,116.0,118.6,17.0,32.0,108.0,118.6,61.0,30.0,115.0,58.0
3.0,30.0,12.0,98.0,116.0,118.6,17.0,32.0,110.0,118.6,61.0,30.0,115.0,58.0
3.0,30.0,13.0,98.0,118.0,118.1,17.0,36.0,109.0,118.1,46.0,30.0,118.0,58.2
3.0,30.0,14.0,98.0,110.0,118.1,17.0,33.0,109.0,118.1,46.0,30.0,110.0,58.2
3.0,30.0,15.0,98.0,116.0,118.1,17.0,31.0,109.0,118.1,46.0,30.0,115.0,57.5
3.0,30.0,16.0,98.0,113.0,117.3,17.0,36.0,107.0,117.3,58.0,30.0,112.0,57.5
3.0,30.0,17.0,98.0,116.0,117.3,17.0,31.0,109.0,117.3,58.0,30.0,115.0,58.6
3.0,30.0,18.0,98.0,118.0,117.3,17.0,32.0,108.0,117.3,58.0,30.0,116.0,58.6
3.0,30.0,19.0,98.0,110.0,117.3,17.0,32.0,108.0,117.3,58.0,30.0,109.0,59.1
3.0,30.0,20.0,98.0,113.0,116.7,16.0,36.0,110.0,116.7,55.0,30.0,112.0,59.1
3.0,30.0,21.0,98.0,113.0,117.9,17.0,36.0,108.0,117.9,67.0,30.0,112.0,58.2
3.0,30.0,22.0,98.0,116.0,120.1,16.0,31.0,102.0,120.1,48.0,30.0,116.0,58.2
3.0,30.0,23.0,98.0,116.0,119.5,15.0,32.0,110.0,119.5,44.0,30.0,115.0,58.3
3.0,30.0,24.0,98.0,113.0,118.2,14.0,36.0,108.0,118.2,37.0,30.0,112.0,58.3
3.0,30.0,25.0,98.0,116.0,119.5,8.0,32.0,109.0,119.5,31.0,30.0,116.0,56.4
3.0,30.0,26.0,98.0,116.0,119.5,8.0,32.0,109.0,119.5,31.0,30.0,115.0,56.4
3.0,30.0,27.0,98.0,117.0,118.6,9.0,36.0,108.0,118.6,28.0,30.0,116.0,58.6
3.0,30.0,28.0,98.0,116.0,119.8,8.0,32.0,108.0,119.8,28.0,30.0,116.0,58.6
3.0,30.0,29.0,98.0,117.0,118.4,11.0,36.0,109.0,118.4,31.0,30.0,117.0,58.8
3.0,30.0,30.0,98.0,113.0,116.8,10.0,36.0,110.0,116.8,23.0,30.0,112.0,58.8
3.0,35.0,1.0,98.0,113.0,114.6,14.0,35.0,95.0,114.6,41.0,35.0,112.0,63.8
3.0,35.0,2.0,98.0,117.0,118.6,15.0,36.0,106.0,118.6,40.0,35.0,115.0,63.8
3.0,35.0,3.0,98.0,116.0,120.0,15.0,31.0,110.0,120.0,37.0,35.0,116.0,64.0
3.0,35.0,4.0,98.0,113.0,116.9,14.0,36.0,109.0,116.9,42.0,35.0,112.0,64.0
3.0,35.0,5.0,98.0,116.0,118.9,14.0,31.0,110.0,118.9,42.0,35.0,115.0,62.4
3.0,35.0,6.0,98.0,116.0,118.9,14.0,31.0,110.0,118.9,42.0,35.0,116.0,62.4
3.0,35.0,7.0,98.0,116.0,119.3,14.0,32.0,111.0,119.3,43.0,35.0,116.0,61.6
3.0,35.0,7.0,98.0,116.0,119.3,14.0,32.0,111.0,119.3,43.0,35.0,116.0,65.7
3.0,35.0,8.0,98.0,113.0,117.3,14.0,35.0,109.0,117.3,44.0,35.0,112.0,61.6
3.0,35.0,8.0,98.0,113.0,117.3,14.0,35.0,109.0,117.3,44.0,35.0,112.0,65.7
3.0,35.0,9.0,98.0,113.0,118.0,14.0,35.0,111.0,118.0,44.0,35.0,112.0,61.3
3.0,35.0,9.0,98.0,113.0,118.0,14.0,35.0,111.0,118.0,44.0,35.0,112.0,61.5
3.0,35.0,10.0,98.0,113.0,115.2,13.0,35.0,110.0,115.2,48.0,35.0,113.0,61.3
3.0,35.0,10.0,98.0,113.0,115.2,13.0,35.0,110.0,115.2,48.0,35.0,113.0,61.5
3.0,35.0,11.0,98.0,113.0,117.3,14.0,36.0,108.0,117.3,41.0,35.0,112.0,60.8
3.0,35.0,11.0,98.0,113.0,117.3,14.0,36.0,108.0,117.3,41.0,35.0,112.0,63.6
3.0,35.0,12.0,98.0,110.0,117.3,14.0,31.0,111.0,117.3,41.0,35.0,110.0,60.8
3.0,35.0,12.0,98.0,110.0,117.3,14.0,31.0,111.0,117.3,41.0,35.0,110.0,63.6
3.0,35.0,13.0,98.0,116.0,118.6,15.0,35.0,113.0,118.6,50.0,35.0,116.0,60.3
3.0,35.0,13.0,98.0,116.0,118.6,15.0,35.0,113.0,118.6,50.0,35.0,116.0,62.7
3.0,35.0,14.0,98.0,113.0,117.4,16.0,35.0,110.0,117.4,50.0,35.0,112.0,60.3
3.0,35.0,14.0,98.0,113.0,117.4,16.0,35.0,110.0,117.4,50.0,35.0,112.0,62.7
3.0,35.0,15.0,98.0,116.0,118.5,15.0,31.0,110.0,118.5,44.0,35.0,115.0,59.9
3.0,35.0,16.0,98.0,116.0,118.5,15.0,33.0,112.0,118.5,44.0,35.0,116.0,59.9
3.0,35.0,17.0,98.0,105.0,118.5,15.0,31.0,110.0,118.5,44.0,35.0,104.0,60.8
3.0,35.0,18.0,98.0,116.0,119.7,15.0,33.0,111.0,119.7,36.0,35.0,117.0,60.8
3.0,35.0,19.0,98.0,117.0,118.7,14.0,35.0,110.0,118.7,42.0,35.0,117.0,61.2
3.0,35.0,20.0,98.0,117.0,118.7,12.0,35.0,109.0,118.7,42.0,35.0,116.0,61.2
3.0,35.0,21.0,98.0,116.0,118.8,12.0,35.0,108.0,118.8,35.0,35.0,116.0,59.8
3.0,35.0,22.0,98.0,113.0,115.9,14.0,35.0,109.0,115.9,46.0,35.0,114.0,59.8
3.0,35.0,23.0,98.0,116.0,118.9,13.0,31.0,112.0,118.9,52.0,35.0,114.0,58.8
3.0,35.0,24.0,98.0,116.0,118.6,14.0,31.0,110.0,118.6,32.0,35.0,116.0,58.8
3.0,35.0,25.0,98.0,116.0,118.6,14.0,31.0,110.0,118.6,32.0,35.0,115.0,61.2
3.0,35.0,26.0,98.0,117.0,118.6,14.0,32.0,112.0,118.6,32.0,35.0,116.0,61.2
3.0,35.0,27.0,98.0,116.0,118.6,14.0,31.0,112.0,118.6,32.0,35.0,117.0,59.9
3.0,35.0,28.0,98.0,106.0,118.6,14.0,31.0,112.0,118.6,32.0,35.0,106.0,59.9
3.0,35.0,29.0,98.0,111.0,118.6,14.0,30.0,113.0,118.6,32.0,35.0,111.0,59.4
3.0,35.0,30.0,98.0,114.0,118.6,14.0,31.0,112.0,118.6,32.0,35.0,112.0,59.4
1.0,14.0,1.0,98.0,113.0,115.5,16.0,35.0,82.0,115.5,56.0,14.0,112.0,63.8
1.0,14.0,1.0,98.0,113.0,115.5,16.0,35.0,82.0,115.5,56.0,14.0,112.0,60.8
1.0,14.0,2.0,98.0,115.0,115.5,16.0,30.0,106.0,115.5,56.0,14.0,115.0,63.8
1.0,14.0,2.0,98.0,115.0,115.5,16.0,30.0,106.0,115.5,56.0,14.0,115.0,60.8
1.0,14.0,3.0,98.0,117.0,118.4,16.0,35.0,111.0,118.4,48.0,14.0,116.0,64.0
1.0,14.0,3.0,98.0,117.0,118.4,16.0,35.0,111.0,118.4,48.0,14.0,116.0,61.2
1.0,14.0,4.0,98.0,113.0,116.8,16.0,35.0,109.0,116.8,56.0,14.0,112.0,64.0
1.0,14.0,4.0,98.0,113.0,116.8,16.0,35.0,109.0,116.8,56.0,14.0,112.0,61.2
1.0,14.0,5.0,98.0,117.0,118.7,18.0,35.0,107.0,118.7,55.0,14.0,115.0,62.4
1.0,14.0,5.0,98.0,117.0,118.7,18.0,35.0,107.0,118.7,55.0,14.0,115.0,59.9
1.0,14.0,6.0,98.0,105.0,118.7,18.0,31.0,109.0,118.7,55.0,14.0,105.0,62.4
1.0,14.0,6.0,98.0,105.0,118.7,18.0,31.0,109.0,118.7,55.0,14.0,105.0,59.9
1.0,14.0,7.0,98.0,114.0,118.7,18.0,32.0,109.0,118.7,55.0,14.0,114.0,61.6
1.0,14.0,7.0,98.0,114.0,118.7,18.0,32.0,109.0,118.7,55.0,14.0,114.0,65.7
1.0,14.0,8.0,98.0,114.0,118.7,18.0,31.0,110.0,118.7,55.0,14.0,114.0,61.6
1.0,14.0,8.0,98.0,114.0,118.7,18.0,31.0,110.0,118.7,55.0,14.0,114.0,65.7
1.0,14.0,9.0,98.0,112.0,118.7,18.0,31.0,112.0,118.7,55.0,14.0,111.0,61.3
1.0,14.0,9.0,98.0,112.0,118.7,18.0,31.0,112.0,118.7,55.0,14.0,111.0,61.5
1.0,14.0,10.0,98.0,118.0,118.7,18.0,31.0,108.0,118.7,55.0,14.0,117.0,61.3
1.0,14.0,10.0,98.0,118.0,118.7,18.0,31.0,108.0,118.7,55.0,14.0,117.0,61.5
1.0,14.0,11.0,98.0,113.0,117.4,15.0,35.0,112.0,117.4,56.0,14.0,111.0,60.8
1.0,14.0,11.0,98.0,113.0,117.4,15.0,35.0,112.0,117.4,56.0,14.0,111.0,63.6
1.0,14.0,12.0,98.0,113.0,117.7,16.0,35.0,110.0,117.7,63.0,14.0,112.0,60.8
1.0,14.0,12.0,98.0,113.0,117.7,16.0,35.0,110.0,117.7,63.0,14.0,112.0,63.6
1.0,14.0,13.0,98.0,105.0,117.7,16.0,30.0,110.0,117.7,63.0,14.0,105.0,60.3
1.0,14.0,13.0,98.0,105.0,117.7,16.0,30.0,110.0,117.7,63.0,14.0,105.0,62.7
1.0,14.0,14.0,98.0,114.0,117.7,16.0,31.0,110.0,117.7,63.0,14.0,114.0,60.3
1.0,14.0,14.0,98.0,114.0,117.7,16.0,31.0,110.0,117.7,63.0,14.0,114.0,62.7
1.0,44.0,1.0,98.0,113.0,115.4,23.0,36.0,79.0,115.4,67.0,44.0,113.0,59.8
1.0,44.0,2.0,98.0,117.0,115.4,23.0,31.0,104.0,115.4,67.0,44.0,117.0,59.8
1.0,44.0,3.0,98.0,113.0,115.0,21.0,36.0,85.0,115.0,68.0,44.0,112.0,59.6
1.0,44.0,4.0,98.0,113.0,116.9,22.0,36.0,99.0,116.9,71.0,44.0,111.0,59.6
1.0,44.0,5.0,98.0,113.0,118.0,20.0,36.0,109.0,118.0,73.0,44.0,112.0,59.6
1.0,44.0,6.0,98.0,116.0,119.5,22.0,32.0,109.0,119.5,70.0,44.0,116.0,59.6
1.0,44.0,7.0,98.0,113.0,116.6,20.0,36.0,109.0,116.6,68.0,44.0,112.0,60.0
1.0,44.0,8.0,98.0,105.0,116.6,20.0,32.0,108.0,116.6,68.0,44.0,105.0,60.0
1.0,44.0,9.0,98.0,117.0,118.3,20.0,36.0,111.0,118.3,60.0,44.0,117.0,61.6
1.0,44.0,10.0,98.0,117.0,118.8,18.0,36.0,109.0,118.8,52.0,44.0,117.0,61.6
1.0,44.0,11.0,98.0,113.0,117.6,16.0,36.0,111.0,117.6,49.0,44.0,111.0,59.6
1.0,44.0,12.0,98.0,116.0,117.6,16.0,33.0,111.0,117.6,49.0,44.0,116.0,59.6
1.0,44.0,13.0,98.0,111.0,117.6,16.0,34.0,109.0,117.6,49.0,44.0,111.0,58.6
1.0,44.0,14.0,98.0,113.0,116.1,12.0,36.0,110.0,116.1,51.0,44.0,112.0,58.6
1.0,44.0,15.0,98.0,118.0,118.2,16.0,36.0,106.0,118.2,48.0,44.0,116.0,58.6
1.0,44.0,16.0,98.0,110.0,118.2,16.0,31.0,108.0,118.2,48.0,44.0,108.0,58.6
1.0,44.0,17.0,98.0,113.0,117.5,14.0,36.0,109.0,117.5,48.0,44.0,113.0,60.7
1.0,44.0,18.0,98.0,118.0,118.1,14.0,36.0,110.0,118.1,51.0,44.0,117.0,60.7
1.0,44.0,19.0,98.0,116.0,119.2,15.0,32.0,107.0,119.2,48.0,44.0,116.0,60.4
1.0,44.0,20.0,98.0,118.0,118.1,15.0,36.0,111.0,118.1,45.0,44.0,117.0,60.4
1.0,44.0,21.0,98.0,118.0,118.1,15.0,32.0,108.0,118.1,45.0,44.0,117.0,60.3
1.0,44.0,22.0,98.0,113.0,116.3,14.0,36.0,109.0,116.3,34.0,44.0,113.0,60.3
1.0,44.0,23.0,98.0,113.0,117.1,15.0,36.0,111.0,117.1,47.0,44.0,113.0,58.8
1.0,44.0,24.0,98.0,117.0,118.8,15.0,36.0,109.0,118.8,46.0,44.0,116.0,58.8
1.0,44.0,25.0,98.0,113.0,117.6,14.0,36.0,109.0,117.6,40.0,44.0,110.0,58.8
1.0,44.0,26.0,98.0,113.0,116.3,14.0,36.0,112.0,116.3,44.0,44.0,112.0,58.8
1.0,44.0,27.0,98.0,116.0,119.3,15.0,31.0,111.0,119.3,45.0,44.0,114.0,56.6
1.0,44.0,28.0,98.0,113.0,117.8,13.0,36.0,110.0,117.8,49.0,44.0,112.0,56.6
1.0,44.0,29.0,98.0,113.0,117.4,13.0,36.0,111.0,117.4,44.0,44.0,112.0,56.8
1.0,44.0,30.0,98.0,116.0,118.8,14.0,32.0,110.0,118.8,39.0,44.0,116.0,56.8
1.0,44.0,31.0,98.0,116.0,119.2,13.0,32.0,109.0,119.2,42.0,44.0,116.0,56.3
1.0,44.0,32.0,98.0,113.0,116.7,13.0,36.0,110.0,116.7,44.0,44.0,112.0,56.3
1.0,44.0,33.0,98.0,116.0,118.9,15.0,31.0,111.0,118.9,32.0,44.0,116.0,54.6
1.0,44.0,34.0,98.0,113.0,117.3,13.0,36.0,111.0,117.3,39.0,44.0,112.0,54.6
1.0,44.0,35.0,98.0,113.0,116.1,13.0,36.0,91.0,116.1,47.0,44.0,113.0,56.0
1.0,44.0,36.0,98.0,113.0,117.1,12.0,36.0,107.0,117.1,45.0,44.0,111.0,56.0
1.0,44.0,37.0,98.0,113.0,116.8,13.0,36.0,111.0,116.8,46.0,44.0,112.0,55.0
1.0,44.0,38.0,98.0,116.0,120.0,14.0,31.0,112.0,120.0,42.0,44.0,116.0,55.0
1.0,44.0,39.0,98.0,116.0,120.3,14.0,32.0,111.0,120.3,46.0,44.0,115.0,52.5
1.0,44.0,40.0,98.0,116.0,119.1,14.0,31.0,112.0,119.1,38.0,44.0,116.0,52.5
1.0,44.0,41.0,98.0,116.0,119.0,14.0,31.0,107.0,119.0,49.0,44.0,115.0,57.8
1.0,44.0,42.0,98.0,116.0,119.2,14.0,32.0,109.0,119.2,44.0,44.0,115.0,57.8
1.0,44.0,43.0,98.0,113.0,116.0,13.0,36.0,111.0,116.0,50.0,44.0,113.0,58.2
1.0,44.0,44.0,98.0,113.0,115.4,14.0,36.0,109.0,115.4,47.0,44.0,112.0,58.2
3.0,10.0,1.0,95.0,121.0,105.2,247.0,20.0,71.0,105.2,1413.0,10.0,120.0,50.1
3.0,10.0,2.0,95.0,121.0,105.2,247.0,20.0,73.0,105.2,1413.0,10.0,120.0,50.1
3.0,10.0,3.0,95.0,121.0,105.2,247.0,20.0,74.0,105.2,1413.0,10.0,121.0,50.3
3.0,10.0,4.0,94.0,118.0,98.5,254.0,20.0,82.0,98.5,389.0,10.0,118.0,50.3
3.0,10.0,5.0,94.0,121.0,98.5,254.0,20.0,77.0,98.5,389.0,10.0,121.0,50.1
3.0,10.0,6.0,94.0,121.0,98.5,254.0,20.0,81.0,98.5,389.0,10.0,121.0,50.1
3.0,10.0,7.0,94.0,121.0,98.5,254.0,20.0,78.0,98.5,389.0,10.0,120.0,53.2
3.0,10.0,8.0,94.0,121.0,98.5,254.0,20.0,75.0,98.5,389.0,10.0,120.0,53.2
3.0,1.0,1.0,92.0,121.0,111.7,240.0,18.0,114.0,111.7,1345.0,1.0,120.0,81.1
3.0,2.0,1.0,84.0,108.0,106.4,46.0,26.0,91.0,106.4,173.0,2.0,106.0,79.9
3.0,2.0,2.0,81.0,104.0,107.8,48.0,26.0,98.0,107.8,170.0,2.0,104.0,79.9
3.0,2.0,1.0,89.0,112.0,109.3,226.0,25.0,68.0,109.3,582.0,2.0,112.0,47.2
3.0,2.0,2.0,81.0,95.0,108.8,217.0,28.0,81.0,108.8,1477.0,2.0,94.0,47.2
3.0,32.0,1.0,99.0,131.0,104.0,245.0,24.0,76.0,104.0,772.0,32.0,130.0,63.1
3.0,32.0,2.0,99.0,131.0,104.0,245.0,30.0,82.0,104.0,772.0,32.0,131.0,63.1
3.0,32.0,3.0,105.0,129.0,105.5,113.0,29.0,78.0,105.5,869.0,32.0,128.0,63.1
3.0,32.0,4.0,104.0,128.0,105.2,267.0,30.0,78.0,105.2,974.0,32.0,126.0,63.1
3.0,32.0,5.0,104.0,131.0,105.2,267.0,25.0,76.0,105.2,974.0,32.0,130.0,58.7
3.0,32.0,6.0,104.0,131.0,105.2,267.0,24.0,80.0,105.2,974.0,32.0,130.0,58.7
3.0,32.0,7.0,104.0,131.0,105.2,267.0,25.0,87.0,105.2,974.0,32.0,131.0,60.8
3.0,32.0,8.0,104.0,131.0,105.2,267.0,24.0,84.0,105.2,974.0,32.0,131.0,60.8
3.0,32.0,9.0,105.0,128.0,105.8,280.0,30.0,79.0,105.8,1299.0,32.0,128.0,60.9
3.0,32.0,10.0,105.0,131.0,105.8,280.0,24.0,77.0,105.8,1299.0,32.0,130.0,60.9
3.0,32.0,11.0,105.0,131.0,105.8,280.0,30.0,92.0,105.8,1299.0,32.0,130.0,56.2
3.0,32.0,12.0,100.0,119.0,105.2,257.0,30.0,81.0,105.2,1393.0,32.0,118.0,56.2
3.0,32.0,13.0,100.0,119.0,105.6,235.0,30.0,83.0,105.6,979.0,32.0,118.0,62.8
3.0,32.0,14.0,100.0,131.0,105.6,235.0,24.0,86.0,105.6,979.0,32.0,130.0,62.8
3.0,32.0,15.0,100.0,131.0,105.6,235.0,24.0,81.0,105.6,979.0,32.0,130.0,65.3
3.0,32.0,16.0,101.0,121.0,105.9,60.0,30.0,89.0,105.9,1373.0,32.0,120.0,65.3
3.0,32.0,17.0,101.0,121.0,106.3,264.0,30.0,83.0,106.3,1397.0,32.0,121.0,63.6
3.0,32.0,18.0,101.0,131.0,106.3,264.0,24.0,91.0,106.3,1397.0,32.0,129.0,63.6
3.0,32.0,19.0,101.0,131.0,106.3,264.0,24.0,83.0,106.3,1397.0,32.0,130.0,65.0
3.0,32.0,20.0,101.0,131.0,106.3,264.0,24.0,82.0,106.3,1397.0,32.0,130.0,65.0
3.0,32.0,21.0,104.0,127.0,106.1,84.0,29.0,92.0,106.1,1192.0,32.0,128.0,61.2
3.0,32.0,22.0,97.0,117.0,104.8,240.0,30.0,85.0,104.8,530.0,32.0,117.0,61.2
3.0,32.0,23.0,97.0,131.0,104.8,240.0,29.0,89.0,104.8,530.0,32.0,130.0,62.6
3.0,32.0,24.0,97.0,117.0,105.7,73.0,30.0,90.0,105.7,825.0,32.0,116.0,62.6
3.0,32.0,25.0,96.0,116.0,105.9,252.0,30.0,88.0,105.9,815.0,32.0,115.0,64.2
3.0,32.0,26.0,101.0,121.0,106.2,263.0,29.0,98.0,106.2,348.0,32.0,121.0,64.2
3.0,32.0,27.0,105.0,128.0,106.3,274.0,29.0,90.0,106.3,1058.0,32.0,128.0,65.0
3.0,32.0,28.0,105.0,131.0,106.3,274.0,24.0,83.0,106.3,1058.0,32.0,130.0,65.0
3.0,32.0,29.0,105.0,128.0,106.3,77.0,29.0,86.0,106.3,546.0,32.0,128.0,64.4
3.0,32.0,30.0,105.0,131.0,106.3,77.0,24.0,88.0,106.3,546.0,32.0,130.0,64.4
3.0,84.0,1.0,113.0,138.0,105.5,132.0,26.0,79.0,105.5,374.0,84.0,135.0,59.7
3.0,32.0,31.0,95.0,114.0,105.2,247.0,30.0,82.0,105.2,1413.0,32.0,113.0,62.7
3.0,84.0,2.0,103.0,120.0,108.3,129.0,27.0,81.0,108.3,376.0,84.0,118.0,59.7
3.0,32.0,32.0,95.0,131.0,105.2,247.0,30.0,97.0,105.2,1413.0,32.0,129.0,62.7
3.0,84.0,3.0,105.0,122.0,106.9,120.0,27.0,86.0,106.9,375.0,84.0,120.0,59.2
3.0,84.0,4.0,111.0,128.0,109.3,129.0,28.0,87.0,109.3,356.0,84.0,126.0,59.2
3.0,84.0,5.0,103.0,120.0,100.5,110.0,27.0,90.0,100.5,375.0,84.0,117.0,59.4
3.0,84.0,6.0,110.0,128.0,105.8,124.0,27.0,88.0,105.8,357.0,84.0,126.0,59.4
3.0,84.0,7.0,105.0,123.0,105.9,118.0,26.0,89.0,105.9,412.0,84.0,121.0,55.9
3.0,84.0,8.0,105.0,122.0,104.9,120.0,27.0,90.0,104.9,339.0,84.0,120.0,55.9
3.0,84.0,9.0,113.0,139.0,108.1,135.0,26.0,94.0,108.1,339.0,84.0,136.0,59.9
3.0,84.0,10.0,109.0,127.0,107.0,123.0,28.0,83.0,107.0,358.0,84.0,125.0,59.9
3.0,84.0,11.0,115.0,140.0,105.9,127.0,27.0,89.0,105.9,338.0,84.0,137.0,57.2
3.0,84.0,12.0,115.0,140.0,105.9,127.0,27.0,89.0,105.9,338.0,84.0,138.0,57.2
3.0,84.0,13.0,103.0,121.0,108.4,118.0,28.0,88.0,108.4,338.0,84.0,120.0,60.6
3.0,84.0,14.0,111.0,136.0,108.5,127.0,25.0,93.0,108.5,375.0,84.0,134.0,60.6
3.0,84.0,15.0,102.0,119.0,106.9,116.0,27.0,93.0,106.9,394.0,84.0,117.0,61.9
3.0,84.0,16.0,103.0,120.0,106.7,119.0,28.0,88.0,106.7,357.0,84.0,119.0,61.9
3.0,84.0,17.0,108.0,126.0,106.4,128.0,26.0,86.0,106.4,376.0,84.0,124.0,60.5
3.0,84.0,18.0,111.0,136.0,108.2,127.0,27.0,84.0,108.2,321.0,84.0,135.0,60.5
3.0,84.0,19.0,105.0,122.0,106.8,125.0,26.0,88.0,106.8,376.0,84.0,120.0,59.5
3.0,84.0,20.0,105.0,140.0,106.8,125.0,27.0,91.0,106.8,376.0,84.0,140.0,59.5
3.0,84.0,21.0,108.0,125.0,106.7,126.0,27.0,86.0,106.7,408.0,84.0,123.0,57.9
3.0,84.0,22.0,109.0,126.0,107.7,127.0,28.0,90.0,107.7,375.0,84.0,124.0,57.9
3.0,84.0,23.0,114.0,139.0,109.4,134.0,26.0,87.0,109.4,376.0,84.0,139.0,57.4
3.0,84.0,24.0,102.0,119.0,107.6,123.0,27.0,93.0,107.6,320.0,84.0,117.0,57.4
3.0,84.0,25.0,102.0,119.0,107.8,125.0,27.0,89.0,107.8,340.0,84.0,117.0,61.0
3.0,84.0,26.0,103.0,120.0,108.6,130.0,27.0,87.0,108.6,349.0,84.0,118.0,61.0
3.0,84.0,27.0,105.0,122.0,107.0,116.0,26.0,87.0,107.0,392.0,84.0,120.0,57.9
3.0,84.0,28.0,107.0,124.0,107.1,123.0,27.0,94.0,107.1,357.0,84.0,121.0,57.9
3.0,84.0,29.0,107.0,140.0,107.1,123.0,26.0,91.0,107.1,357.0,84.0,138.0,59.4
3.0,84.0,30.0,107.0,124.0,106.1,127.0,28.0,84.0,106.1,393.0,84.0,123.0,59.4
3.0,84.0,31.0,104.0,122.0,106.1,118.0,26.0,89.0,106.1,394.0,84.0,119.0,61.3
3.0,84.0,32.0,105.0,123.0,102.1,128.0,26.0,87.0,102.1,413.0,84.0,122.0,61.3
3.0,84.0,33.0,104.0,121.0,108.2,125.0,27.0,85.0,108.2,394.0,84.0,119.0,60.6
3.0,84.0,34.0,106.0,123.0,108.1,128.0,27.0,88.0,108.1,448.0,84.0,121.0,60.6
3.0,84.0,35.0,113.0,137.0,106.5,129.0,27.0,87.0,106.5,338.0,84.0,137.0,60.5
3.0,84.0,36.0,112.0,128.0,104.9,133.0,28.0,80.0,104.9,430.0,84.0,126.0,60.5
3.0,84.0,37.0,114.0,139.0,107.5,133.0,27.0,90.0,107.5,367.0,84.0,138.0,58.5
3.0,84.0,38.0,107.0,124.0,106.7,122.0,26.0,90.0,106.7,374.0,84.0,121.0,58.5
3.0,84.0,39.0,101.0,118.0,105.1,112.0,27.0,88.0,105.1,430.0,84.0,117.0,62.1
3.0,84.0,40.0,107.0,124.0,106.5,125.0,27.0,91.0,106.5,385.0,84.0,122.0,62.1
3.0,84.0,41.0,100.0,118.0,103.6,119.0,31.0,87.0,103.6,392.0,84.0,117.0,59.1
3.0,84.0,42.0,102.0,119.0,104.9,113.0,27.0,95.0,104.9,447.0,84.0,118.0,59.1
3.0,84.0,43.0,116.0,141.0,103.6,128.0,27.0,89.0,103.6,376.0,84.0,139.0,60.5
3.0,84.0,44.0,100.0,117.0,108.2,118.0,27.0,91.0,108.2,375.0,84.0,115.0,60.5
3.0,84.0,45.0,102.0,120.0,107.9,114.0,26.0,89.0,107.9,321.0,84.0,117.0,58.6
3.0,84.0,46.0,108.0,126.0,108.5,132.0,26.0,90.0,108.5,411.0,84.0,124.0,58.6
3.0,84.0,47.0,105.0,122.0,105.8,117.0,27.0,91.0,105.8,394.0,84.0,121.0,58.1
3.0,84.0,48.0,109.0,127.0,108.5,130.0,28.0,90.0,108.5,375.0,84.0,125.0,58.1
3.0,84.0,49.0,102.0,119.0,106.8,117.0,28.0,87.0,106.8,356.0,84.0,118.0,56.1
3.0,84.0,50.0,106.0,124.0,107.6,117.0,27.0,90.0,107.6,394.0,84.0,121.0,56.1
3.0,84.0,51.0,103.0,120.0,103.8,121.0,26.0,86.0,103.8,411.0,84.0,118.0,61.9
3.0,84.0,52.0,102.0,119.0,108.0,112.0,27.0,89.0,108.0,413.0,84.0,116.0,61.9
3.0,84.0,53.0,112.0,137.0,108.2,127.0,27.0,88.0,108.2,374.0,84.0,136.0,61.0
3.0,84.0,54.0,102.0,120.0,105.9,116.0,27.0,86.0,105.9,411.0,84.0,118.0,61.0
3.0,84.0,55.0,100.0,118.0,108.7,111.0,28.0,92.0,108.7,381.0,84.0,118.0,61.1
3.0,84.0,56.0,103.0,121.0,106.7,123.0,26.0,93.0,106.7,356.0,84.0,120.0,61.1
3.0,84.0,57.0,111.0,137.0,103.0,124.0,25.0,92.0,103.0,338.0,84.0,134.0,59.8
3.0,84.0,58.0,107.0,125.0,107.4,126.0,28.0,89.0,107.4,412.0,84.0,124.0,59.8
3.0,84.0,59.0,102.0,119.0,106.4,123.0,27.0,89.0,106.4,376.0,84.0,117.0,58.6
3.0,96.0,3.0,109.0,127.0,106.3,127.0,31.0,86.0,106.3,321.0,96.0,125.0,55.3
3.0,84.0,60.0,102.0,141.0,106.4,123.0,27.0,93.0,106.4,376.0,84.0,139.0,58.6
3.0,96.0,4.0,105.0,123.0,107.3,116.0,31.0,92.0,107.3,357.0,96.0,121.0,55.3
3.0,84.0,61.0,102.0,119.0,104.4,115.0,28.0,86.0,104.4,395.0,84.0,118.0,60.2
3.0,84.0,62.0,102.0,119.0,104.1,113.0,26.0,88.0,104.1,357.0,84.0,116.0,60.2
3.0,84.0,63.0,102.0,119.0,105.6,112.0,26.0,88.0,105.6,465.0,84.0,117.0,58.6
3.0,84.0,64.0,108.0,126.0,106.8,117.0,27.0,87.0,106.8,362.0,84.0,124.0,58.6
3.0,84.0,65.0,102.0,119.0,108.9,110.0,27.0,94.0,108.9,414.0,84.0,117.0,59.9
3.0,84.0,66.0,111.0,127.0,107.1,128.0,27.0,95.0,107.1,375.0,84.0,124.0,59.9
3.0,84.0,67.0,100.0,117.0,107.6,119.0,27.0,99.0,107.6,392.0,84.0,117.0,60.4
3.0,84.0,68.0,109.0,127.0,106.8,126.0,29.0,98.0,106.8,338.0,84.0,125.0,60.4
3.0,84.0,69.0,108.0,126.0,106.3,123.0,27.0,86.0,106.3,374.0,84.0,125.0,58.2
3.0,84.0,70.0,111.0,136.0,106.6,132.0,28.0,90.0,106.6,348.0,84.0,135.0,58.2
3.0,96.0,5.0,105.0,141.0,107.3,116.0,26.0,63.0,107.3,357.0,96.0,139.0,56.9
3.0,84.0,71.0,111.0,141.0,106.6,132.0,26.0,86.0,106.6,348.0,84.0,138.0,59.8
3.0,84.0,72.0,108.0,125.0,106.7,124.0,26.0,89.0,106.7,413.0,84.0,124.0,59.8
3.0,96.0,6.0,105.0,140.0,107.3,116.0,25.0,79.0,107.3,357.0,96.0,139.0,56.9
3.0,96.0,7.0,102.0,119.0,107.9,115.0,30.0,97.0,107.9,359.0,96.0,117.0,56.3
3.0,84.0,73.0,108.0,140.0,106.7,124.0,28.0,93.0,106.7,413.0,84.0,139.0,61.8
3.0,96.0,8.0,113.0,138.0,104.5,124.0,25.0,90.0,104.5,341.0,96.0,137.0,56.3
3.0,84.0,74.0,107.0,140.0,106.9,122.0,26.0,88.0,106.9,338.0,84.0,181.0,61.8
3.0,96.0,9.0,113.0,140.0,104.5,124.0,26.0,95.0,104.5,341.0,96.0,140.0,58.1
3.0,96.0,10.0,102.0,119.0,106.6,121.0,30.0,91.0,106.6,303.0,96.0,118.0,58.1
3.0,84.0,75.0,107.0,140.0,106.9,122.0,28.0,86.0,106.9,338.0,84.0,140.0,59.6
3.0,96.0,11.0,105.0,122.0,106.7,116.0,31.0,92.0,106.7,377.0,96.0,119.0,60.0
3.0,84.0,76.0,111.0,137.0,107.2,133.0,27.0,82.0,107.2,374.0,84.0,136.0,59.6
3.0,96.0,12.0,115.0,140.0,101.9,122.0,26.0,97.0,101.9,358.0,96.0,140.0,60.0
3.0,84.0,77.0,111.0,141.0,107.2,133.0,27.0,84.0,107.2,374.0,84.0,137.0,59.5
3.0,96.0,13.0,105.0,123.0,107.9,119.0,31.0,92.0,107.9,323.0,96.0,120.0,57.1
3.0,84.0,78.0,108.0,126.0,108.4,126.0,27.0,91.0,108.4,301.0,84.0,123.0,59.5
3.0,96.0,14.0,106.0,124.0,107.0,116.0,31.0,92.0,107.0,448.0,96.0,122.0,57.1
3.0,84.0,79.0,106.0,123.0,104.9,118.0,28.0,91.0,104.9,376.0,84.0,122.0,64.4
3.0,96.0,15.0,115.0,140.0,107.1,130.0,26.0,94.0,107.1,339.0,96.0,139.0,60.0
3.0,84.0,80.0,104.0,121.0,105.6,119.0,28.0,93.0,105.6,390.0,84.0,120.0,64.4
3.0,96.0,16.0,105.0,123.0,106.9,113.0,31.0,93.0,106.9,341.0,96.0,121.0,60.0
3.0,84.0,81.0,108.0,126.0,108.0,118.0,29.0,91.0,108.0,374.0,84.0,126.0,60.5
3.0,96.0,17.0,102.0,120.0,106.0,115.0,31.0,93.0,106.0,332.0,96.0,118.0,56.9
3.0,84.0,82.0,102.0,119.0,108.2,115.0,27.0,95.0,108.2,341.0,84.0,118.0,60.5
3.0,96.0,18.0,105.0,122.0,106.1,113.0,30.0,99.0,106.1,321.0,96.0,121.0,56.9
3.0,84.0,83.0,102.0,119.0,109.7,128.0,26.0,99.0,109.7,339.0,84.0,116.0,61.6
3.0,96.0,19.0,105.0,140.0,106.1,113.0,25.0,95.0,106.1,321.0,96.0,139.0,57.8
3.0,84.0,84.0,101.0,118.0,108.5,113.0,26.0,101.0,108.5,375.0,84.0,116.0,61.6
3.0,96.0,20.0,107.0,125.0,102.3,118.0,31.0,94.0,102.3,358.0,96.0,123.0,57.8
3.0,96.0,21.0,103.0,120.0,107.3,117.0,31.0,95.0,107.3,354.0,96.0,118.0,58.0
3.0,96.0,22.0,110.0,128.0,106.4,116.0,31.0,101.0,106.4,393.0,96.0,126.0,58.0
3.0,96.0,23.0,101.0,118.0,107.9,112.0,31.0,96.0,107.9,359.0,96.0,115.0,57.1
3.0,96.0,24.0,103.0,120.0,107.4,112.0,32.0,93.0,107.4,321.0,96.0,118.0,57.1
3.0,96.0,25.0,113.0,137.0,106.7,121.0,25.0,85.0,106.7,378.0,96.0,136.0,58.6
3.0,96.0,26.0,108.0,126.0,108.5,125.0,31.0,89.0,108.5,358.0,96.0,124.0,58.6
3.0,96.0,27.0,103.0,120.0,107.6,109.0,30.0,92.0,107.6,366.0,96.0,118.0,59.9
3.0,96.0,28.0,104.0,121.0,107.0,112.0,31.0,92.0,107.0,394.0,96.0,120.0,59.9
3.0,96.0,29.0,104.0,141.0,107.0,112.0,25.0,93.0,107.0,394.0,96.0,138.0,57.5
3.0,96.0,30.0,112.0,137.0,109.9,132.0,24.0,89.0,109.9,322.0,96.0,137.0,57.5
3.0,96.0,31.0,101.0,118.0,107.5,114.0,31.0,95.0,107.5,376.0,96.0,116.0,57.5
3.0,96.0,32.0,103.0,121.0,108.2,114.0,31.0,96.0,108.2,392.0,96.0,119.0,57.5
3.0,96.0,33.0,99.0,116.0,107.0,104.0,31.0,91.0,107.0,394.0,96.0,114.0,59.1
3.0,96.0,34.0,112.0,137.0,105.9,122.0,26.0,97.0,105.9,340.0,96.0,137.0,59.1
3.0,96.0,35.0,102.0,119.0,102.7,110.0,30.0,88.0,102.7,356.0,96.0,117.0,59.4
3.0,96.0,36.0,102.0,42.0,102.7,110.0,31.0,95.0,102.7,356.0,96.0,42.0,59.4
3.0,96.0,37.0,102.0,34.0,102.7,110.0,31.0,98.0,102.7,356.0,96.0,33.0,59.5
3.0,96.0,38.0,102.0,140.0,102.7,110.0,27.0,57.0,102.7,356.0,96.0,139.0,59.5
3.0,96.0,38.0,102.0,140.0,102.7,110.0,27.0,57.0,102.7,356.0,96.0,139.0,59.9
3.0,96.0,39.0,112.0,137.0,107.2,142.0,27.0,83.0,107.2,359.0,96.0,136.0,60.1
3.0,96.0,39.0,112.0,137.0,107.2,142.0,27.0,83.0,107.2,359.0,96.0,136.0,61.4
3.0,96.0,40.0,100.0,117.0,105.2,124.0,28.0,93.0,105.2,395.0,96.0,116.0,60.1
3.0,96.0,40.0,100.0,117.0,105.2,124.0,28.0,93.0,105.2,395.0,96.0,116.0,61.4
3.0,96.0,41.0,104.0,122.0,108.8,123.0,28.0,89.0,108.8,394.0,96.0,121.0,61.8
3.0,96.0,42.0,100.0,117.0,107.6,107.0,27.0,95.0,107.6,394.0,96.0,114.0,61.8
3.0,96.0,43.0,103.0,120.0,108.7,126.0,26.0,99.0,108.7,374.0,96.0,118.0,61.4
3.0,96.0,44.0,104.0,121.0,109.1,120.0,26.0,97.0,109.1,414.0,96.0,119.0,61.4
3.0,96.0,45.0,104.0,140.0,109.1,120.0,27.0,84.0,109.1,414.0,96.0,139.0,60.8
3.0,96.0,46.0,109.0,127.0,106.3,128.0,28.0,82.0,106.3,394.0,96.0,124.0,60.8
3.0,96.0,47.0,102.0,119.0,103.6,118.0,29.0,91.0,103.6,357.0,96.0,118.0,61.6
3.0,96.0,48.0,102.0,119.0,108.4,119.0,27.0,93.0,108.4,357.0,96.0,117.0,61.6
1.0,50.0,1.0,103.0,141.0,110.8,124.0,27.0,79.0,110.8,338.0,50.0,138.0,56.3
1.0,50.0,2.0,104.0,121.0,105.8,132.0,28.0,85.0,105.8,358.0,50.0,120.0,56.3
1.0,50.0,3.0,101.0,119.0,106.1,119.0,28.0,94.0,106.1,377.0,50.0,117.0,55.3
1.0,50.0,3.0,101.0,119.0,106.1,119.0,28.0,94.0,106.1,377.0,50.0,117.0,56.8
1.0,50.0,4.0,109.0,127.0,106.4,126.0,28.0,89.0,106.4,356.0,50.0,126.0,55.3
1.0,50.0,4.0,109.0,127.0,106.4,126.0,28.0,89.0,106.4,356.0,50.0,126.0,56.8
1.0,50.0,5.0,106.0,123.0,107.5,122.0,28.0,90.0,107.5,356.0,50.0,122.0,56.9
1.0,50.0,5.0,106.0,123.0,107.5,122.0,28.0,90.0,107.5,356.0,50.0,122.0,59.8
1.0,50.0,6.0,102.0,119.0,109.4,123.0,28.0,91.0,109.4,366.0,50.0,117.0,56.9
1.0,50.0,6.0,102.0,119.0,109.4,123.0,28.0,91.0,109.4,366.0,50.0,117.0,59.8
1.0,50.0,7.0,102.0,119.0,108.5,116.0,27.0,94.0,108.5,356.0,50.0,117.0,56.3
1.0,50.0,7.0,102.0,119.0,108.5,116.0,27.0,94.0,108.5,356.0,50.0,117.0,58.9
1.0,50.0,8.0,102.0,119.0,106.9,119.0,28.0,92.0,106.9,432.0,50.0,117.0,56.3
1.0,50.0,8.0,102.0,119.0,106.9,119.0,28.0,92.0,106.9,432.0,50.0,117.0,58.9
1.0,50.0,9.0,104.0,121.0,110.2,121.0,28.0,95.0,110.2,338.0,50.0,120.0,58.1
1.0,50.0,9.0,104.0,121.0,110.2,121.0,28.0,95.0,110.2,338.0,50.0,120.0,59.9
1.0,50.0,10.0,102.0,119.0,110.6,126.0,27.0,96.0,110.6,338.0,50.0,116.0,58.1
1.0,50.0,10.0,102.0,119.0,110.6,126.0,27.0,96.0,110.6,338.0,50.0,116.0,59.9
1.0,50.0,11.0,106.0,123.0,107.1,112.0,27.0,102.0,107.1,446.0,50.0,122.0,60.0
1.0,50.0,11.0,106.0,123.0,107.1,112.0,27.0,102.0,107.1,446.0,50.0,122.0,61.5
1.0,50.0,12.0,101.0,119.0,104.0,117.0,27.0,103.0,104.0,411.0,50.0,117.0,60.0
1.0,50.0,12.0,101.0,119.0,104.0,117.0,27.0,103.0,104.0,411.0,50.0,117.0,61.5
1.0,50.0,13.0,100.0,118.0,108.5,119.0,26.0,95.0,108.5,377.0,50.0,116.0,57.1
1.0,50.0,13.0,100.0,118.0,108.5,119.0,26.0,95.0,108.5,377.0,50.0,116.0,59.9
1.0,50.0,14.0,108.0,125.0,110.3,122.0,27.0,99.0,110.3,381.0,50.0,123.0,57.1
1.0,50.0,14.0,108.0,125.0,110.3,122.0,27.0,99.0,110.3,381.0,50.0,123.0,59.9
1.0,50.0,15.0,102.0,119.0,110.4,117.0,28.0,94.0,110.4,394.0,50.0,118.0,60.0
1.0,50.0,15.0,102.0,119.0,110.4,117.0,28.0,94.0,110.4,394.0,50.0,118.0,60.2
1.0,50.0,16.0,102.0,119.0,109.7,124.0,26.0,94.0,109.7,375.0,50.0,117.0,60.0
1.0,50.0,16.0,102.0,119.0,109.7,124.0,26.0,94.0,109.7,375.0,50.0,117.0,60.2
1.0,50.0,17.0,102.0,140.0,109.7,124.0,27.0,95.0,109.7,375.0,50.0,140.0,56.9
1.0,50.0,17.0,102.0,140.0,109.7,124.0,27.0,95.0,109.7,375.0,50.0,140.0,56.0
1.0,50.0,18.0,101.0,119.0,109.1,117.0,27.0,95.0,109.1,339.0,50.0,117.0,56.9
1.0,50.0,18.0,101.0,119.0,109.1,117.0,27.0,95.0,109.1,339.0,50.0,117.0,56.0
1.0,50.0,19.0,104.0,122.0,106.5,118.0,26.0,93.0,106.5,466.0,50.0,120.0,57.8
1.0,50.0,19.0,104.0,122.0,106.5,118.0,26.0,93.0,106.5,466.0,50.0,120.0,56.7
1.0,50.0,20.0,105.0,122.0,106.4,120.0,27.0,97.0,106.4,378.0,50.0,120.0,57.8
1.0,50.0,20.0,105.0,122.0,106.4,120.0,27.0,97.0,106.4,378.0,50.0,120.0,56.7
1.0,50.0,21.0,105.0,141.0,106.4,120.0,28.0,93.0,106.4,378.0,50.0,140.0,58.0
1.0,50.0,21.0,105.0,141.0,106.4,120.0,28.0,93.0,106.4,378.0,50.0,140.0,59.3
1.0,50.0,22.0,102.0,119.0,107.8,116.0,27.0,89.0,107.8,395.0,50.0,117.0,58.0
1.0,50.0,22.0,102.0,119.0,107.8,116.0,27.0,89.0,107.8,395.0,50.0,117.0,59.3
1.0,50.0,23.0,111.0,136.0,108.1,133.0,28.0,100.0,108.1,375.0,50.0,136.0,57.1
1.0,50.0,23.0,111.0,136.0,108.1,133.0,28.0,100.0,108.1,375.0,50.0,136.0,58.5
1.0,50.0,24.0,101.0,118.0,110.2,122.0,28.0,93.0,110.2,377.0,50.0,116.0,57.1
1.0,50.0,24.0,101.0,118.0,110.2,122.0,28.0,93.0,110.2,377.0,50.0,116.0,58.5
1.0,50.0,25.0,102.0,119.0,109.4,120.0,26.0,103.0,109.4,357.0,50.0,116.0,58.6
1.0,50.0,25.0,102.0,119.0,109.4,120.0,26.0,103.0,109.4,357.0,50.0,116.0,58.8
1.0,50.0,26.0,102.0,119.0,107.0,118.0,28.0,93.0,107.0,358.0,50.0,117.0,58.6
1.0,50.0,26.0,102.0,119.0,107.0,118.0,28.0,93.0,107.0,358.0,50.0,117.0,58.8
1.0,50.0,27.0,102.0,119.0,108.8,122.0,27.0,93.0,108.8,356.0,50.0,117.0,59.9
1.0,50.0,27.0,102.0,119.0,108.8,122.0,27.0,93.0,108.8,356.0,50.0,117.0,57.9
1.0,50.0,28.0,100.0,117.0,104.9,116.0,28.0,97.0,104.9,402.0,50.0,115.0,59.9
1.0,50.0,28.0,100.0,117.0,104.9,116.0,28.0,97.0,104.9,402.0,50.0,115.0,57.9
1.0,50.0,29.0,101.0,118.0,107.4,114.0,28.0,93.0,107.4,412.0,50.0,115.0,57.5
1.0,50.0,29.0,101.0,118.0,107.4,114.0,28.0,93.0,107.4,412.0,50.0,115.0,60.0
1.0,50.0,30.0,102.0,119.0,105.9,109.0,26.0,96.0,105.9,450.0,50.0,117.0,57.5
1.0,50.0,30.0,102.0,119.0,105.9,109.0,26.0,96.0,105.9,450.0,50.0,117.0,60.0
1.0,50.0,31.0,102.0,119.0,113.0,121.0,26.0,92.0,113.0,412.0,50.0,117.0,57.5
1.0,50.0,31.0,102.0,119.0,113.0,121.0,26.0,92.0,113.0,412.0,50.0,117.0,61.1
1.0,50.0,32.0,102.0,119.0,109.1,121.0,28.0,99.0,109.1,394.0,50.0,118.0,57.5
1.0,50.0,32.0,102.0,119.0,109.1,121.0,28.0,99.0,109.1,394.0,50.0,118.0,61.1
1.0,50.0,33.0,102.0,119.0,106.8,103.0,27.0,91.0,106.8,478.0,50.0,117.0,59.1
1.0,50.0,33.0,102.0,119.0,106.8,103.0,27.0,91.0,106.8,478.0,50.0,117.0,62.1
1.0,50.0,34.0,100.0,117.0,103.9,110.0,27.0,92.0,103.9,414.0,50.0,116.0,59.1
1.0,50.0,34.0,100.0,117.0,103.9,110.0,27.0,92.0,103.9,414.0,50.0,116.0,62.1
1.0,50.0,35.0,106.0,124.0,103.3,123.0,26.0,94.0,103.3,431.0,50.0,121.0,59.4
1.0,50.0,35.0,106.0,124.0,103.3,123.0,26.0,94.0,103.3,431.0,50.0,121.0,58.1
1.0,50.0,36.0,102.0,119.0,108.0,114.0,27.0,92.0,108.0,399.0,50.0,118.0,59.4
1.0,50.0,36.0,102.0,119.0,108.0,114.0,27.0,92.0,108.0,399.0,50.0,118.0,58.1
1.0,50.0,37.0,106.0,123.0,108.2,121.0,26.0,94.0,108.2,413.0,50.0,121.0,59.5
1.0,50.0,37.0,106.0,123.0,108.2,121.0,26.0,94.0,108.2,413.0,50.0,121.0,59.9
1.0,50.0,38.0,101.0,118.0,103.7,112.0,26.0,92.0,103.7,410.0,50.0,115.0,59.5
1.0,50.0,38.0,101.0,118.0,103.7,112.0,26.0,92.0,103.7,410.0,50.0,115.0,59.9
1.0,50.0,39.0,100.0,117.0,104.9,114.0,28.0,96.0,104.9,395.0,50.0,115.0,60.1
1.0,50.0,39.0,100.0,117.0,104.9,114.0,28.0,96.0,104.9,395.0,50.0,115.0,61.4
1.0,50.0,40.0,103.0,120.0,107.0,116.0,27.0,99.0,107.0,383.0,50.0,118.0,60.1
1.0,50.0,40.0,103.0,120.0,107.0,116.0,27.0,99.0,107.0,383.0,50.0,118.0,61.4
1.0,50.0,41.0,112.0,138.0,107.1,126.0,26.0,94.0,107.1,357.0,50.0,136.0,61.8
1.0,50.0,41.0,112.0,138.0,107.1,126.0,26.0,94.0,107.1,357.0,50.0,136.0,58.3
1.0,50.0,42.0,107.0,124.0,105.5,117.0,28.0,98.0,105.5,339.0,50.0,123.0,61.8
1.0,50.0,42.0,107.0,124.0,105.5,117.0,28.0,98.0,105.5,339.0,50.0,123.0,58.3
1.0,50.0,43.0,105.0,122.0,107.5,128.0,28.0,92.0,107.5,320.0,50.0,120.0,61.4
1.0,50.0,43.0,105.0,122.0,107.5,128.0,28.0,92.0,107.5,320.0,50.0,120.0,58.6
1.0,50.0,44.0,103.0,120.0,105.8,119.0,27.0,99.0,105.8,376.0,50.0,117.0,61.4
1.0,50.0,44.0,103.0,120.0,105.8,119.0,27.0,99.0,105.8,376.0,50.0,117.0,58.6
1.0,50.0,45.0,103.0,121.0,104.8,120.0,26.0,94.0,104.8,321.0,50.0,119.0,60.8
1.0,50.0,45.0,103.0,121.0,104.8,120.0,26.0,94.0,104.8,321.0,50.0,119.0,58.1
3.0,2.0,1.0,109.0,131.0,106.7,54.0,26.0,85.0,106.7,131.0,2.0,131.0,63.4
3.0,2.0,2.0,105.0,128.0,107.0,50.0,26.0,93.0,107.0,138.0,2.0,127.0,63.4
